motif	nb_sequences
FVNHTHSRRSRRSTLTSVTT	12
FVNHTSARKSRRSVTESVST	8
FVNHTWSRSARGSSPSTVNT	4
FVNHTQSRTSRRSTSNSVTT	4
FVNHTQARRARRSTGSQTVQT	3
FVNHTHTRRSRRSPTEAVKT	3
FVNHTQPRRARMSVPESVQT	3
FVNHTHSRRARRSTVETVQT	3
FVNQTQSRRSRRSVVEAVTT	3
FVNHTSARKSLRSVTESVST	2
FVNHTQARGARRSTGSQTVQT	2
FFNHTQAKRSRRPTSHSVTT	2
FVNHTHTVRRVRRAVQTGTTITA	2
FVNHTSSRRSRRSTADSVTT	2
FVNHTQSRRASTSTSNSLNT	2
FVNHTHSRRSRGSAPNSVTT	2
FVNHTSSRRSRRSTPETITT	2
FVNHTSSRRSRRSEPIGVQT	2
FVNHTSSKRSRRSAPITPTT	2
FVNHTQSRRSRRSTSDSVTT	2
FVNHTQPARRLRRAVQVASTTITA	2
FVNHTQPRRSRRSILESVNT	2
FVNHTHTVRRARRAVQTGTTITA	2
FVNHTQPRRARRSSNTQNVQT	2
FVSYNSSSSSRRSVASTPPST	2
FVNNTQARRSRSSTPNFVTS	2
FVNHTSHRRSRREV-PTVQT	1
FVNHTQARRARSSTGSQTVQT	1
FVNHTQSKSARRSASEPVKT	1
FVNHTQSRRLLRLTHNSVTT	1
FVNNTQSRRSLRSVPSTVTT	1
FVNHTYSRRSRRSIPETVHT	1
FVNHTHSRRSRRSTSETVKT	1
FVNHTRSRRSRSSTLETVHT	1
FVNHTQSRRSRGPPLE-LNT	1
FVNHTQVKRLRRSTPETVQT	1
FVNHTQSRRSRRSTSESVNT	1
FVNHTQSRRSRSSTSETVTT	1
FVNHTQSKRSRRSTSATVNT	1
FVNHTQPRRSRRSTSETVTT	1
FVNRTQSRRSRRSTSNSVTT	1
FVNHTIPRGSRRSTVETVRT	1
FVNHAHPKRSRRSTTEGVNT	1
FVNHTSLRRSRRSNTDSVTT	1
FVNHTQSRRSRRSTSATVTT	1
FVNRTQSRRSRRSTSDSSSQAVQT	1
FVNHTQSRRSRSSTVKAVSTVNT	1
FVNHTSSRRSRWSEPIGVQT	1
FVDHTHPRRSRRSAXXSVTT	1
FVNRTQSRRSRRSTSDSSSQTVQT	1
FVNHTQSRRSRRLTSDTVKT	1
FVNHTHLRRSRRPATNSVTT	1
FVNHTHSRRSRGSTPSSVTV	1
FVNHTQSRRSRRSTSDTVKT	1
FVNHTRSRRARRSPSSTVNT	1
FVNHTQPRRSRRSTPNSVTT	1
FVNHTHTRRARRSAPVAVTT	1
FVNHTHTRRSRRSAPVAVNT	1
FVNHTHTRRSLRSAPVAVNT	1
FVNHTHTRRSRRSAPVEVNT	1
FVNHTQFRRSRRSTPGISTT	1
FVNHTQFRRARRSAVRSSNN	1
FVHHTLTGRSHRSTSESVNT	1
FVNHTHLRRSHRSTSESVNT	1
FVNHTQSRRSRRLTSNSITT	1
FVNHTQSRRSRRSTVDSVTT	1
FVNHTHTRKTRRSIADTVQT	1
FVNHTQTKRSRRSTPASVTT	1
FVNHTQTKRSRRSTPQSVTT	1
FVNHTQSRSSRRSTSDSVTT	1
FVNHTQPRRAPMSVPESVQT	1
FVNHTSSRRSPRSTLDTVKT	1
FVNHTHSRRSLRSTQNSVTT	1
FVNHTHSRRSRMSTQNSVTT	1
FVNHTHSKRSRRSTSNLVTT	1
FVNHTHSGRSRRSASDSVTT	1
FID-QPHSRRSRRSTNYVTT	1
FVNHTHSRRSRRSNSDSVTT	1
FVNHTSSRRSRRSTTETITT	1
FVNHTQSRRSRRSASMTSVTT	1
FVNHTSSRRARRSSVETVPT	1
FVNHTQSRRSRRSVAEAVTT	1
FVNHTQSRRARRSLPASVQT	1
FVNHTQSRRSRRSAPETVQT	1
FVNHTQSRRSRRSASNSVTT	1
FVNHTQSRRSRRSASSSVTT	1
FVNHTQSRRARRSQFETVQT	1
FVNHTHSRRARRSTVETVRT	1
FVNHTQTRRSRRSTSELVST	1
FVNHTQSRRSRRSYPDTVQT	1
FVNHTMSRRSRRSLIETVQT	1
FVNHTVLRRSRRSAKTETITA	1
FVNHTQPRRALRSSNTQNVQT	1
FVNHTQSKRSRRSTPVTVTT	1
FVNHTHSRRSRRSTLEPVKT	1
FVNHTDARRSRRSTSDSVTT	1
FVNHTQSRRSRRSTLETVQT	1
FVNHTRPRRVRRSVPESLTT	1
FVNHTQARRARRSTPSSVNT	1
FVNHTQVSRSRRSTPETVQT	1
FVNHTQSRRSRRSIPESVKT	1
FVNHTQSRRSRRSTSNSVTT	1
FVNYTSPRRSRRSTVNTVQT	1
FVNHKQSRRSRRSTSETVTT	1
FVNHTRSRRSRRSTSETVQT	1
FVNHTRPRRSRRSTSETVQT	1
FVNHTHSRRSRRSTPESLTT	1
FVNYTQARRARRSTPSSVNT	1
FVNHTQSRRSRRSI-DSVTT	1
FVNHTHSRRSRTSTLETVTT	1
FVNHTQPRQSRRSANPTTVQT	1
FVNHTQPRRARRLSNTQNVQT	1
FVNHTSRRSRSSTP-EAVNT	1
FVNHTQSRISRRSTSNSVTT	1
FVNHTQTRRPRRSTSNSVTT	1
FVNHTQSRRSRRSPSTSVNT	1
FVNHTQSRRSRRSTPESVST	1
FVNHTSTRRSRIAAVPQAATT	1
FVNHTQAKRSRRPTSHSVTT	1
FVNHTHSRRSRGSTSTSVTT	1
