AKRRVVEREKRAVGIGAVF	6414
AKRRVVQREKRAVGIGAVF	4301
AKRRVVQREKRAVGIGALF	3895
AKRRVVQREKRAVGLGALF	3123
AKRRVVEREKRAVGIGAMI	2976
AKRRVVQREKRAVGTIGAMF	2967
AKRRVVEREKRAVGIGAVL	2034
AKRRVVQREKRAVGLGAMF	1970
AKRRVVQREKRAVGIGAMF	1789
AKRRVVQREKRAVTLGAMF	1295
AKRRVVEREKRAVGLGAVF	1272
AKRRVVQREKRAVGTLGAMF	1108
AKRRVVEREKRAAGLGALF	992
AKRRVVERQKRAVGIGAVF	905
AKRRVVQREKRAFGLGAVF	861
AKRRVVQREKRAVGMLGAMF	703
AKRRVVQREKRAVGLGAVF	672
ARRRVVQREKRAVGIGALF	661
AKRRVVEREKRAIGLGAAF	637
ARRRVVEREKRAVGMGAVF	611
ARRRVVQREKRAVGIGAVF	604
AKRRVVDREKRAVGIGAMI	599
ARRRVVEREKRAVGIGAVF	551
AKRRVVEREKRAIGLGAMF	536
AKRRVVERQKRALGIGAMF	496
AKRRVVQREKRAIGIGAVF	473
AKRRVVERQKRAVGIGAMI	470
AKRRVVEREKRAVGIGALI	457
ARRRVVQREKRAVGLGALF	452
AKRRVVEREKRAVGMGAVF	431
AKRRVVGREKRAVGVVGAMI	421
ARRRVVEREKRAVGIGAMI	419
AKRRVVQREKRAVGFGALF	410
ARRRVVQREKRAVGTIGAMF	400
AKRRVVQREKRAVGMGALF	397
ARRRVVQREKRAVGLGAMF	396
AKRRVVEREKRAVGIGALF	374
AKRRVVEREKRAAGLGAML	374
AKRRVVQREKRAVTLGAVF	374
AKRRVVQREKRAIGIGALF	340
AKRRVVQREKRA-AIGALF	334
AKRRVVQREKRAVTIGAMF	332
AKRRVVQREKRAVGIGAMI	330
AKRRVVQREKRAVGVIGAMF	326
AKRRVVEREKRAIGLGAVF	324
AKRRVVERGKRAVGIGAVF	323
AKRRVVEREKRAVGMGAVL	321
AKRRVVQREKRALGFGALF	312
AKRRVVEREKRAVGIGAMF	303
AKRRVVQREKRA-ALGAMF	299
AKRRVVQREKRAAGLGALF	296
AKRRVVQREKRAVGFGAMF	295
AKRRVVEKEKRAVGIGAVL	289
AKRRVVEREKRAVGVVGAMI	286
AKRRVVQREKRAIGTLGAVF	269
AKRRVVEREKRAVGLGAVL	263
AKRRVVEREKRA-AIGAMF	254
AKRRVVQREKRAIGLGAMF	251
AKRRVVQREKRA-ALGALF	247
AKRRVVGREKRAVGIGAVF	242
ARRRVVEREKRAVGLGAVF	220
AKRRVVEREKRAVGLGALF	220
ARRRVVQREKRAVGMGALF	218
AKRRVVQREKRAVTLGALF	215
AKRRVVERQKRAVGMGAMF	209
AQRRVVQREKRAVGLGALF	207
AKRRVVQRDKRAVGTLGAMF	203
AKRRVVEREKRAIGLGALF	202
ARRRVVEREKRAVGIGAVL	200
ARRRVVQREKRA-AIGALF	195
AKRRVVQREKRAIGIGAMF	193
AKRRVVEREKRAAGIGAVF	193
ARRRVVEREKRAIGLGAAF	193
AKRRVVQREKRAVGAIGAMF	190
AKRRVVEREKRAVVGIGAVF	184
AKRRVVQREKRAVGMIGAMF	182
AKRRVVQREKRAVGIGAVL	181
AKRRVVQREKRAVGALGAMF	174
AKRRVVEREKRAVVGLGAVF	174
AKRRVVEREKRAVGMGAVI	174
AKRRVVEREKRAVTIGAVF	173
AQRRVVQREKRAIGTLGAMF	172
AKRRVVQREKRAITIGAVF	171
AKRRVVERREKRAVGIGAVF	168
AKRRVVQREKRAAGIGALF	164
AKRRVVQREKRAIGIGALL	163
AKRRVVDRQKRAVGIGAMI	160
ARRRVVQREKRAVTLGAMF	158
AKRRVVQREKRAVGTLGAVF	158
AKRRVVGREKRAVGLGAVF	155
AKRRVVQREKRA-AIGAMF	152
ARRRVVQREKRAVGLGAVF	151
AKRRVVQREKRAIGGLGALF	146
AKRRVVQREKR--GIGAVF	146
GRRRVVQREKRAVGIGAVF	139
ARRRVVERQKRAVGIGAMI	138
AKRRVVEREKRA-ALGAVF	138
ARRRVVQREKRAVGTLGAMF	132
AKRRVVEREKRAVGMGAMF	131
AKRRVVQREKRA-GIGALF	129
AKRRVVQREKRAAGLGALL	128
ARRRVVQREKRAVGIGAMI	123
AKRRVVQRERRAVGAFGAMF	123
AKRRVVQREKRDMGLGALF	122
AKRRVVQRERRAVGLGAMF	121
AKRRVVEREKRAVGVGAMF	121
AKRRVVEREKRAIGIGAVF	120
AKRRVVQREKRAVTLGTML	120
AKRRVVEREKRA-ALGAMF	119
ARRRVVQREKRAVGVGAMF	118
AKRRVVQREKRAIGLGAVF	117
AKRRVVEKQKRAVGLGAMI	114
AKRRVVQREKRAVGVLGAMF	113
AKRRTVQREKRAVGIGAVF	110
AKRRVVQREKRAVGIGALL	109
ARRRVVQREKRAVGIGAVL	108
AKRRVVQREKRALGIGAVF	106
ARRRVVQREKRTVTLGAMF	106
AKRRVVEREKRAVSIGALI	105
AKRRVVEREKRALGVGAVL	104
AKRRVVQREKRAVGTLGALF	103
ARRRVVQREKRAAGLGALF	103
AKRRVVQREKRAITLGAMF	103
AKRRVVQREKRAVGIGVLF	103
AKRRVVQREKRAVGIGAIF	103
AKRRVVQREKRAIGGLGAVF	99
AKRRVVQREKRGVGIGAMV	98
AKRRVVEREKRAVGLGAMF	97
AKRRVVAREKRAVGIGAVF	97
AKRRVVQREKRAVVGIGAVF	96
AKRRVVQREKRAVGVMGAMF	96
ARRRVVERGKRAVGIGAVF	95
AKRRVVQREKRAITMGAMF	95
AKRRVVQRDKRAVGIGALF	94
ARRRVVKREKRAVGIGAVF	92
AKRRVVQREKRAVGTMGAMF	91
AKRRVVERQKRAVGLGAVF	89
AKRRVVQREKRAVGIMGAMF	87
AKRRAVQREKRA-ALGAVF	87
AKRRVVQREKRAAIGMGALF	87
AKRRVVEREKR--GIGAVF	85
ARRRVVERGKRAVGLGAVF	85
AKRRVVERQKRAIGLGAAF	85
AKRRVVQREKRAVGIGTMI	83
ARRRVVEREKRAVVGIGAVF	83
ARRRVVQREKRAVTLGALF	82
GKRRVVQREKRAVVGIGAVL	81
ARRRVVGREKRAVGLGAVF	80
AKRRVVEREKRAAGIGAVL	80
AKRRVVQREKRGAGLGALF	80
AKRRVVEREKRAVGMGALF	79
AKRRVVQREKRAVTVGAMF	78
AKRRVVQREKRGVTLGAMF	77
ARRRVVQREKRAIGTFGAMF	77
ARRRVVGREKRAVGIGAVF	76
ARRRVVQREKRA-ALGAVF	76
ARRRVVQREKRA-ALGAMF	76
AKRRMVQREKRAVGIGAVL	76
AKRRVVEREKRAVGLGAAL	76
AQRRVVQREKRAVGVLGAMF	75
ARRRVVQREKRAIGIGAVF	74
SRRRVVEREKRAVGIGAVF	74
AKRRVVERGKRAVGIGAVL	73
AKRRVVEREKRAVGIGAVI	73
AKRRVVEREKRA-AIGALI	73
AKRRAVQREKRAITLGAMF	73
AKRRVVEREKRAIGLGTMI	72
AKRRVVQREKRAVGLGAVL	71
ARRRVVQREKRAVGALGALF	71
AKRRVVQREKRAVTMGAMF	69
AKRRVVQREKRA-AIGAVF	68
ARRRVVQKEKRAVGLGAMF	66
AKRRVVERGKRAVGLGAVF	65
AKRKVVEREKRAVGIGAVF	65
AKRRVVEREKREIGTIGAVF	65
AQRRVVERGKRAVTLGAVF	65
AKRRVVQREKRAIGMGAFF	64
ARRRVVQREKRAVTMGAMF	64
AKRRVVEKEKRAVGIGAVF	63
AKRRVVQREKRAVGILGAMF	63
AKRRVVQREKRAVGLGAFF	63
AKRRVVQRERRAVGLGAVF	62
AKRRVVEREKRAVGVGAAI	62
AKRRVVQREKRGVTFGALL	62
AKRRVVQRERRAVGFGAMF	61
AKRRVVQREKRAVTIGAVF	61
AKRRVVKREKRAVGMGAVF	61
ARRRVVQREKRAIGIGALF	61
ARRRVVEREKRAIGLGAVF	60
AKRRVVQREKRA-ALGAVF	60
AKRRVVEREKRAVTMGAMF	60
AKRRVVNREKRAVGIGAMI	60
AKRRVVQREKRAVGIGAML	59
AKRRVVHREKRAVGTIGAMF	59
AKRRVVERREKRAVGLGAVF	59
ARRRVVEREKRAIGIGAVF	58
SKRRVVEREKRAVGIGAVF	58
AKRRVVERERRAVGIGAVF	57
AKRRVVEREKRAVGLGTMI	57
AKRRVVGRGKRMAGIGAVF	57
AKRRVVQREKRAVTFGAMF	56
AKRRVVQREKRAVGMGAMF	56
AKRRVVQREKRAVLGGLGAVF	56
AKRRVVEREKRAAGLGAVL	55
SKRRVVEREKRAVGIGAVL	55
ARRRVVQREKRAIGLGAVF	54
ARRRVVGREKRAVGLGAVL	53
AKRRVVQREKRAIGMGALF	53
ARRMVVTREKRAVGIGAVL	52
AKRRVVERQKRAVGIGAVL	51
ARRRVVQREKRGAGLGALF	51
ARRRVVDREKRAVGIGAMI	51
AKRRVVQREKRAVGAGAVL	51
AKRRVVQREKR-VALGAMF	50
AKRRVVDRGKRAVGMGAVL	50
AKRRVVQREKRAIGTIGAMF	49
AKRRVVNRERRAVGIGAMI	49
AKRRVVERGKRAIGIGAVL	49
AKRRVVEREKRAVTLGAVF	49
AKRRVVQREKRA-ALGAML	49
AKRRVVQREKRDLGLGALF	48
AKRRVVEREKRAVGIGTMI	48
AKRRVVQREKRAVGVVGAMF	48
AKRRVVEREKRAVGVGAVI	48
ARRRVVQREKRAVGLGAAL	48
AKRRVVQREKRAAGIGAFF	48
AKRRVVQRERRAVGIGAVF	47
AKRRVVERQKRAVGIGAMF	47
AKRRVVEREKRAVGLGAMI	47
AKRRVVQREKRTVGLGALF	47
SKRRVVEREKRAVGLGGALF	47
AKRRVVEREKRTVGIGAVF	46
ARRRVVQREKRAVTLGAVF	46
AKRRVVQREKRAVGIGALLF	46
AKRRVVQREKRAVVGIGALF	46
ARRRVVQREKRGVTLGAMF	46
AKRRVVQREKRAIGLGALF	45
AKRRVVQREKRAVGMGAVL	45
ARRRVVQRERRAVVGLGAVF	45
ARRRVVEREKRAVGIGAVI	44
AKRRVVEREKRA-ALGALI	44
AKRRVVERKKRAVGIGAVF	43
AKRRVVQREKRAIPLGAMF	43
AKRRVVHRERRAVGLGAMF	43
AKRRVVERGKRAVGMGAVL	43
AKRRVVEKQKRAVGIGAVF	43
AKRQVVRREKRAVGLGALF	42
AKRRMVQRGKRAVGIGAVL	42
ARRRVVEREKRAVGLGVVF	42
AKRRAVQREKRAVGLGAMF	42
ARRRVVGREKRAIGLGAAF	41
ARRRVVEREKRAIGLGAMF	41
AKRRVVEREKRA-GIGAVF	41
AKRRVVQREKRAIGLGAFF	41
AKRRVVQREKRAVGIIGAML	41
AKRQVVQREKRA-AVTALF	41
ARRQVVRREKRAVGIGALF	40
ARRRVVQREKR-VALGAMF	40
AKRRVVQRERRA-ALGALF	40
ARRRVVQKEKRAVTLGAMF	40
ARRRVVQREKRAVTFGALF	40
AKRRVVEREKRAVTMGALF	40
AKRKVVEREKRAIGVGAAL	40
ARRRVVQREKRAVGIGAMF	39
AKRRVVQREKRAIPIGAMF	39
AKRRVVQREKRAIA-GALF	39
ARRRVVQREKRAVGAIGAMF	38
AKRRVVQRERRAVTLGAMF	38
AKRRVVQREKRAGVGIGALF	38
AKRRVVDRQKRAVGIGALL	38
AKRRVVEREKRA-AIGAVF	38
AKRRVVQREKRALGMGALF	38
AKRRVVQREKRALGTIGAMF	38
AQRRVVQREKRAIGALGAMF	38
AKRRVVERGKRAVGVGAVI	38
AKRRVVERQKRAIGLGAMF	38
AKRRVVQRDKRAVGLGALF	38
AKRRVVEREKRA--IGAVF	38
ARRIVVQREKRAVGTIGAMF	38
AKRRVVEREKRAIGLGVMF	38
AKRRVVQREKRAVGTIGAVF	37
ARRRVVQREKRA-AIGAML	37
AKRRVVQRERRAVGLGALF	37
AKRRVVEREKRAVGIGAML	37
ARRRVVQREKRAVGLGAFF	37
ASRRVVQREKRAVGLGAMF	37
AKRRVVEREKRAFGMGAVL	36
AKRRVVQREKRAIGTLGAMF	36
ARRRVVDREKRAVGIGALI	36
AQRRVVQREKRAVGIGALF	36
AKRRVVQREKRAVGVFGAMF	36
AKRRVVQREKRDFGLGALF	36
ARRRVVQREKRA-ALGALF	35
AKRRVVERNKRAVGIGAMI	35
AKRRVVQREKRAVGLGAFI	35
ARRRVVQREKRA-ALGAVL	35
ARRIVVEREKRAVGLGAVI	35
AKRRVVQREKRAVGFGAFF	35
AKRRVVQKEKRA-ALGALF	35
AKRRVVHKEKRAVGTIGAVF	34
ARRRVVQREKRAVGVIGAMF	34
AKRRVVQREKRAV-IGAMF	34
AKRRVVQREKRAIGIGAVL	34
AKRRVVQREKRAVTLGAFF	34
AKRRVVDREKRAVGMGALF	34
AKRRVVEREKRAITMGAVF	34
AKRRVVQREKRAVGFGAVI	33
AKRRVVEREKRAVVGMGAVF	33
ARRRVVQREKRGLTLGALF	33
AKRRVVQRERRAAGLGVMF	33
AKRRVVQREKRAVGTMGALF	33
AKRRVVQRDKRAVGIGAMF	33
AKRRVVQREKRAAGIGAVL	33
AKRRVVQREKRTV-IGAVF	33
AKRRVVQREKRAVGMIGAVF	32
AKRRVVQREKRTIGLGAMF	32
AKRRVVQREKRAVGMMGAMF	32
AKRRVVQKEKRAVGLGALF	32
SKRRVVEKEKRAVGIGAVL	32
ARRRVVQREKRAVGIGAIF	32
AKRRVVEREKRAVG-AAMF	32
ARRRVVQREKRAVGALGAMF	31
AKRRVVQREKRAV-LGAMF	31
AKRRVVQREKRAVTFGAVF	31
AKRRVVEKEKRALGVGAVL	31
SKRRVVEREKRAVGVVGAMF	31
AKRRVVQRERRAVGTIGAVF	30
AKRRVVQREKRAIGGIGAMF	30
AKRRVVQREKRAVGVIGALF	30
AKRRVVQREKRAVGVGALL	30
AKRRVVQREKRAVGFGAVF	30
AKRRVVEREKRAVGLGAVI	30
AKRRAVQREKRAVGIGALF	30
ARRRVVEREKRAVGIGTMI	30
AQRRVVRIEKRAVGLGAMI	30
AKRTAVGRGKRAVGIGAVL	30
AKRRVVEREKRAIGMGAMF	30
AKRRVVQREKRSVTLGAMF	29
AKRRVVQREKRA-ALGALV	29
AKRRVVQREKRAIVGIGAVF	29
AKRRVVEKRQRRAVGIGAVF	29
AKRRVVQREKRAVVGMGAVF	29
ARRRVVQREKRAVGMLGAMF	28
AKRRVVQREKRAVGIGAAF	28
AKRRVVQREKRAVGVGALF	28
AKRRVVEREKRAAGLGAVF	28
AKRRVVQREKRA-AFGALF	28
AKRRVVQREKRAIPIGAVF	28
AKRRVVQREKREITLGAMF	28
AKRRVVDREKRAVGMGAVL	28
AKRRVVERPKRAVGIGAMI	28
ARRRVVQREKRAIGIGAAAF	28
AKRRVVPREKRAVGLGALF	28
AERKVVQREKRAVGIGAMI	28
AKRRVVEREKRAVGLGAAF	28
TKRRVVEREKRAVGIGAVF	28
AKRRVVQKEKRAVGIGAVF	27
AKRRVVQREKRAIGVIGAMF	27
ARRRVVQRERRAVGTFGALF	27
AKRRVVKREKRAVGLGAVF	27
AKRRVVEREKRAAGIGAMI	27
ARRRVVQREKRAVGMAAVF	27
AKRRVVERGKRAAGLGALF	27
ARRRVVAREKRAVGIGAMI	27
ARRRVVEREKRAVGLGAFF	26
AKRRVVQREKRAVGMGAVF	26
AKRRVVEREKRALGLGAVF	26
ARRRVVQREKRAVGIGALL	26
AKRRVVEKEKRAVGIGAMI	26
AKRRVVGREKRAVGIGAMI	26
AKRRVVEREKRAVLGIGAMI	26
AKRRVVEREKRAIGIGALI	26
AQRRVVEREKRAVVGIGAVF	26
AKRRVVEREKRAVGLGAML	25
AKRRVVEREKRAVVGIGAMI	25
ARRRVVQREKRALTLGAVF	25
ARRRVVEREKRAIGGLGAVF	25
AKRRVVKREKRAVGIGAMI	25
AKRRVVQREKRAVGMGAFF	25
AKRRVVGREKRAAGLGALF	25
AKRRVVERDKRAVGIGAMI	25
AKRRVVEREKRAVVGIGAVL	25
AKRRVVEREKRAVFGVGAVL	25
AKRRVVQREKRAVTFGALF	24
AKRRVVEKQKRAVGIGAMI	24
AKRRVVQREKRAVTIGAFF	24
AKRRVVQREKRAVGTIGALF	24
AKRRVVQRKTRAAGLGAVI	24
AKRRVVEREKRAV-MGAMF	24
ARRRVVQREKRAVVGLGAMI	24
AKRRVVEREKRA-AFGAMF	23
AKRRVVQRERRAVGIGAML	23
AKRRVVQREKRDLGIGALF	23
AKRRVVQREKRAAIGLGALF	23
AKRRVVQREKRAVGMGAMI	23
AKRRVVGREKRAIGLGAAF	23
AKRRVVDREKRAVGIGALI	23
ARRRVVQRDKRA-ALGAVF	23
AKRRVVDRQKRAVGLGALI	23
ARRRVVEREKRAVGMGAMF	23
AKRRVVQREKRA-AIGALI	23
AKRRTVQREKRAVTLGALF	23
ARRRVVGKEKRAVVGIGAVL	23
AKRRVVKKEKRAAGIGAVL	23
ARRRVVEREKRAIGLGALF	22
AKRRVVQREERAVGFGAMF	22
ARRRVVQREKRAVVGLGAVF	22
ARRRVVGREKRTVGLGAVL	22
AKRRAVQREKRAITIGAMF	22
ARRRVVQREKRAVGIGAFF	22
ARRRVVEREKRAVGLGAVL	22
AKRRVVQRERRAVTFGALF	22
AKRRVVDREKRAVGIGTMI	22
AQRRVVQREKRAVGLGAMF	22
ARRRVVQREKRAIGLGALL	22
AQRRVVQREKRAVGLGVMI	22
AKRRVVDREVVKRGKRAVGIGAVF	22
ARRRVVQREKRGV-IGAMF	22
AKRRVVQREKRA-ALTAMF	22
AKRRVVEREKRALGIGAVF	21
AKRRVVERQKRAVVGIGAVL	21
AKRLVVQREKRAVTLGAMF	21
AKRRMVEREKRAVGIGAVF	21
ARRRVVQREKRAVGMIGAVF	21
AKRRVVQREKRAMGIGALF	21
SRRRVVQREKRAVGLGAAF	21
AKRRVVQREREKRAVGIGAMI	21
SKRRVVERQKRAVGIGAVI	21
AKRRVVQREKRAITIGALF	21
ARRRVVQREKRAIVGMGAMF	21
AKRRVVEREKRAVEIGAMI	20
AKRRVVQREKRAVGFGAMI	20
AKRRVVEREKRA-ALGALF	20
AKRRVVQKEKRAVGTIGAMF	20
AKRRVVEREKRALGIGAVL	20
AKRRVVQRERRAVGVGAMF	20
AKRRVVEKEKRAVGIGAVI	20
AKRRVVEREKRAAGIGALF	20
AKRRVVQREKRAVVGIGAMF	20
AKRRVVEREKR--GIGALL	20
AKRRVVEKQKRAVGLGAVF	20
SKRRIVEREKRAVGIGAVF	20
AKRRVVQREKRGVGIGALF	19
AKRRVVQRKKRAVGIGAVF	19
AKRRVVQREKRAAGLGAMF	19
AKRRVVDRGKRAVGLGAVF	19
AKRRVVQREKRA-AFGAMF	19
AKRRVVKREKRAVGMGAVL	19
AKRRVVQREKRAVGLGAMI	19
AKRRVVERGKRAVGLGAFF	19
AKRRVVEREREKRAVGIGAMI	19
ARRRVVEREKRAVGMGALF	19
ARRRVVQKEKRAVVGLGAVF	19
AQRRVVQREKRAIGGLGAVF	19
AKRRVVEREKRALTLGALF	19
AKRRVVEKEKTIQKRAVGIGAVF	19
AKRRVVEREKRAITGIGAVF	19
AKRRVVEKQKRAVGMGAVL	19
SKRAVVEREKRAVGLGAVF	19
AKRRAVERERRAVGMGALL	19
AMRRVVQREKRAVGIGAMI	19
AKRRVVQREKRA-GLGALF	19
AKRRAVQREKRAVGLGALF	18
AKRRVVQREKRAIMGMGALF	18
SKRRVVQREKRAVGIGAVF	18
ARRRVVQRGKRA-ALGALF	18
AKRRVVEREKRAV-IGAMF	18
SRRRVVEREKRAVGLGAMF	18
AKRQVVKREKRAVGMGALF	17
AKRRVVQRERRAVGTIGAMF	17
SKRRVVEREKRAVGLGAVL	17
ARRRVVQREKRAVGIGVLL	17
ARRRVVEREKRAVVGMGAVF	17
AKRRVVQREKR--GLGAVF	17
AKRRVVEGREKRAVGLGAVF	17
AKRIVVEREKRAVGIGAVF	17
AKRRVVEKREKRAVGIGAVF	17
AKRRVVEREKRAVGVGAVF	17
AHRRVVEREKRAVGIGAVL	17
ARRRVVEREKRAVGIGALI	17
ARRRVVQREKRAVGAIGALF	17
AKRRTVQRERRAIGIGAVF	17
AKRRVVQREKRAVGLLGAMF	17
AKRRVVERGKRAVTLGAVF	17
AKRRVVDRDREKRAVGMGAVF	17
ARRRVVQREKRAVGLGVMF	17
AKRRVVQREKRAVGIVAVI	17
AKRRAVEREKRAVGIGALF	17
ARRRVVQREKRAVTMGAVF	17
AQRRVVKREKRAVIGMGAMF	17
AKRRVVEREREKRAVGIGAVI	17
AKRRVVQREKRAVGLGVVF	16
AKRRVVERGKRAVGIGALF	16
AKRRVVQREKRAMGLGAMF	16
AKRRVVQREKRA-AIGAIF	16
ARRRVVQREKRAVGIVGAMF	16
AKRRVVEREKRAVGLGALI	16
AKRRVVQREKRAIMGMGAMF	16
ARRRVVQKEKRAVGMGALF	16
AKRRVVQREKRAVGVGAVL	16
AQRRVVQREKRAVGMLGAMF	16
ARRRVVQRERRAVGIGALF	16
AKRRVVQREKRELTLGALF	16
AKRIVVQREKRAVGTLGAMF	16
AKRRVVGREKRAITGIGAVF	16
AKRRVVQREKRAVGLGVMF	15
AKRRVVQREKRAVGVGAVF	15
AKRRVVQREKRAMGIGAVF	15
ARRRVVDREKRAVTIGAMI	15
AKRRVVEREKRAVGLGAFF	15
AKRRVVEREKRA-AIGAVL	15
ARRRVVQREKR--GIGAVL	15
AKRRVVQREKRAVGIGAMV	15
ARRRVVDREKRAVGMGALF	15
ARRRVVEREKRAVGIGAMF	15
AKRRVVERREKRAVGIGAMF	15
AKRQVVQRAKRAVGIGAVF	15
AQRRVVTREKRAVGIGAVF	15
AKRRVVQREKRTVGIGALF	14
AKRRVVQREKRELGAIGALF	14
ARRRVVQREKRAVGVLGAMF	14
ARRRVVQREKRAVTIGAMF	14
ARRRVVEREKRAVGLGALF	14
AKRRVVEREKRAVGMGALI	14
AKRRVVEREKRAVTLGAMI	14
AKRRVVEREKRAVVGLGALF	14
AKRRVVQREKRAVGTIGAMI	14
AKRRLVEREKRAVGIGAVF	14
AKRRVVDRGKRAVGIGAMI	14
AKRRVVQREKRAMGLGALF	14
AKRRAVQREKRAVGTLGAMF	14
AKRRMVEREKRAVGIGAVL	14
ARRRVVQREKRAIGMGALF	14
AKRRVVEREKRAVTMGAMI	14
ARRRVVQREKRAVTLGAML	14
ARRRVVEREKRTVGLGAVL	14
AQRRVVKREKRAIIGLGAVF	14
AKRRVVQREKRALGIGALF	13
ARRRVVQREKRAVGTFGAMF	13
AKRRVVRREKRAVGFGAMF	13
AKRRGVQREKRAVGFGAMF	13
AKRRVVQREKRAAGLGAVL	13
AKRKVVEREKRA-AIGAVF	13
AKRRVVQRDKRAVGLGAMF	13
AKRRAVQRERRAIGFGALF	13
AKRRVVQREKRAIGMLGAMF	13
AQRRVVMREKRAVGLGAVF	13
ARRRVVQREKRALGIGALF	13
ARRRTVGREKRAVGIGAVF	13
AKRRVVQREKRAVGMGALL	13
AKRRVVEREKRAVGIGAAF	13
AKRRVVQREKRAVGLGALL	13
ARRRVVGRKKRAVGLGAVF	13
ARRRVVTREKRAVGIGAVF	13
ARRRTVEREKRAIGLGAMF	13
ARRRVVQREKRAV-IGAML	13
AKRRVVERQKRAVMGIGAVL	12
ARRRVVQREKRAAGIAAML	12
AKRRVVKRGKRAVGIGAVF	12
AKRRVVQKEKRAVGLGAMF	12
ARRRVVGREKRAVGIGAVL	12
ARRRVVQREKRAVGMIGALF	12
AKRRVVQREKRAVTMGALF	12
AKRRVVQREKRAIGVGALF	12
AKRRVVQRERRAVGIGALF	12
AKRRVVQREKRAVTIGAML	12
ARRRVVEREKRAVGLGAAL	12
AKRRVVKREKRAVGIGAVF	12
AKRRVVERGKRAVGMGAFF	12
ARRRVVEREKRAVGLGAAF	12
AKRVVVRREKRAAGIGALF	12
ARRRVVQREKRAVVGIGAVF	12
ARRRVVEREKRAVGLGAMF	12
AMRRVVQREKRAVGIGALF	12
ARRRTVQRERRA-AIGAMI	12
AKRRVVQREKRAIGIGAML	12
AKRRVVQREKRAVGALGVMF	12
AKRRVVGREKRAVTLGAMF	12
AKRRVVAKGKEKRAAGIGAVF	12
AKRRVVERRKRAVGMGAVL	12
AKRRVVQREKRAVGLGAML	11
AKRRVVQREKRAAGLGAVF	11
AKRRVVQRERRAVGIGAMF	11
AKRRVVQREKRAVGMLGAVF	11
AKRRVVQREKRAVGLVGAMF	11
AKRRVVEREKRAVGMGALL	11
ARRRVVEREKRAVGLAAVF	11
ARRRVVDRQKRAVGIGAMI	11
AKRRVVGREKRAVGIGALI	11
ARRRVVPREKRAVGIGALI	11
AKRRVVEREKRAMGIGAVL	11
AKRRVVEREKRA-AIGAMI	11
AKRRVVEREKRAALGGMGAVF	11
AKRRVVERQKRAVGIGALF	11
AKRRVVEREKRAIGGMGALF	11
AKRRVVDRGREKRAVGMGAVF	11
AKRRVVEREKRAIGIGAVL	11
AKRRVVQREKRAVTLGVMF	11
AKRRVMEREKRA-ALGAMF	11
AKRRVVEREKRAAGIGAMF	11
AKRRVVQREKRDFGLGVLF	11
AKRKVVGREKRAVGIGAVF	11
AQRRVVAREKRAVGLGAMI	11
AKRRVVQREKRAVGLGTLF	10
AKRRVVQRERRAVGTLGAMF	10
AKRRVVQREKRAVGLGAIF	10
AKRRVVQRDKRAVGMGALF	10
AKRRVVERQKRAVVGIGAMI	10
AQRRVVDRQKRAVGIGAMI	10
SKRRVVEREKRAVGLGAVF	10
AKRRVVQREKR-VALGALF	10
ARRRVVQREKRA-GIGALF	10
ARRRVVQRERRAIGIGALF	10
AKRRVVEREKRAVTLGAMF	10
AKRRVVEREKRAFGMGAVF	10
ARRRVVAREKRA-ALGALF	10
ARRRVVEREKRAVGIGVMI	10
ARRRVVEREKRAMGIGAVF	10
ARRRVVQREKRAVTIGAVF	10
AKRRVVEMERSKRAVGIGAAL	10
ARRRVVQRETRAIGTFGAMF	10
ARRRVVQREKRAVGTIGAMI	10
AKRRVVQREKRAIGAIGAMF	10
ARRRVVGREKRAVGLGALF	10
AKRRVVEREKRAVLGGLGAVF	10
AKRRVVEREKRAVGAGAMF	10
AKRRVVDRGKRAVGLGAMF	10
AKRRVVEREKRAVAIGTLL	10
AKRRVVDREKRA-AIGAMI	10
AKRRVVEREKRAVGVGALL	10
ARRRVVERQKRAIGLGAVF	10
ARRRVVGREKRAIGIGAVF	10
ARRRVVQREKRDVGLGALF	10
AKRRVVEMKREKRAVGIGAMI	10
ARRRVVGREKRAVIGLGAVF	10
ARRRVVQREKRAITMGAMF	10
AKRRVVEREKRAIGMGAVF	9
AKRRVVEREKRAVGVGAVL	9
AKRRVVQRDKRAVGIGALL	9
ARRRVVEREKRAVGMGAFF	9
AKRRVVEKEKRAIGLGAMF	9
AKRRVVQREKRAVGVVGAMI	9
AKRRVVNRGKRAVVGIGAVF	9
AKRRVVKKEKRAVGIGAVF	9
ARRRVVQREKRAVGTLGAVF	9
ARRRVVEREKRAVVGLGAVF	9
AKRRVVEREKRAVGMGAMI	9
AKRRVVQREKRALPGLGALF	9
AKRRVVQREKRA-AIGAML	9
AKRRVVQREKRAAGIGAVF	9
AKRRVVEREKRAIGIGAAF	9
AKRRVVDREKRAVGLGAMI	9
ARRRVVQREKRVVGMGALF	9
AKRRVVEREKRAVGIGVMI	9
AQRRVVKIEKRAVGLGAMI	9
AKRRVVGREKRAVGMGAVF	9
AKRRVVSREKRAVGLGAMI	9
AKRRAVERGKRAVGVGAVI	9
AKRRVVEREKRAV-LGALL	9
AKRRVVQREKREIGTIGAMF	9
AKRRVVQREKR-VALGAVF	9
ARRRVVEREKRAIGLGAAL	9
AKRRVVQREKRAVTFGALL	9
AKRRVVQREKRALGFGAMF	9
ARRRVVQREKRA-GLGALL	9
AKRRVVQGEKRAVGTFGALF	9
ARRLVVQRDKRAVGMGAMF	9
AKRRTVSREKRAAFGLGALF	9
AKRRVVEREKRAVVGLGAAF	9
AKRRVVEREKRAVGIGTVI	9
AKRRVVERNKRAVGIGAML	9
ARRRVVQREKRAAGLGAVF	9
AKRRVVEGREKRAVGIGAVF	9
AKRRVVEREKRAIGGIGAVF	9
AKRRTVQREKRAIGIGAVF	9
AKRRVVKREKRAVGIGAVL	9
AKRRVVQREKRAV--GAVF	9
AKRRVVGREKRAAGIGAVL	9
SKRRVVEREKRA-AIGAVF	9
AKRRVVEREKRAVVGIGAAL	9
AKRRVVGRETRAVGIGAVF	9
ARRRVVEREKRAVGLGTMI	9
AKRRVVDREKRAVGIGALL	9
AKRRVVGREKRAVGIGAML	9
AKRTVVQREKRAVGIGAVF	9
ARRRVVQREKRAAVGIGALI	9
AKRRVVQREKRAVVGMGAMF	9
AKRRVVQREKRAVGTLGVMF	9
AKRQVVKREKRAVGIGALF	8
AKRRVVQREKRAVGIGAXF	8
AKRRVVQRGKRAVGIGAVF	8
AKRRVVQREKR--GLGAVL	8
AKRRVVQREKRA-ALGAIF	8
AKRRVVQREKRAITMGVLF	8
AKRRVVRREKRAVGIGALF	8
AKRRVVRREKRAVGMGALF	8
AKRRVVQREKRAVGLVAVF	8
AKRRVVQREKRAIPLGAVF	8
AKRRVVEKEKRAVGLGAVF	8
AKRRVVQREKRAVAIGAVF	8
AKRRVVEKGKRAVGIGAVL	8
AKRRVVERNKRAVGIGAVF	8
AKRRVVERGKRAVGIGAMI	8
AKRRVVQREKRAITLGAFF	8
AKRRVVQRERRAVGTLGAVF	8
ARRRVVQREKRAAVTLGAMF	8
AKRRVVERERRA--IGAVF	8
ARRRVVQREKRAVTMGALF	8
AKRRVVEKEKRAVGIIGAVF	8
AKRRVVDRQRRAVGIGAMI	8
AKRRVVQRKERAAGLGAVI	8
AKRRVVGREKRAVPILGAVF	8
ARRRVVQREKRAGGFGALL	8
SKRAVVKREKRAVGLGAVF	8
AKRRVVQREKRAAVGLGAVF	8
AKRRVVEREKRAIGIGAML	8
SKRRVVQREKRAVGIGAMF	8
AKRRVVQREKRAGGLGAVF	8
AHRNVVRREKRAVGIGAVF	8
AKRRTVQREKRAMGIGALF	8
AKRRVVERGKRTVGIGAVF	7
AKRRVVQREKRAVVGLGAVF	7
AKRRVVQREKGAVGIGAVF	7
AKRRVVQREKRAIMGLGAVF	7
AKRRVVERQKRAVGMGAVF	7
ARRRVVEREKRAIGLGVAF	7
AKRRVVEREKRAIGLGVAF	7
AKRRVVEREKRAVGMAAVF	7
ARRRVVQREKRAVGMGAVF	7
AKRRVVEREKRAIIGLGAAF	7
AKRRVVQRERRAVTIGAVF	7
AKRRVVQREKRAVGVLGAMI	7
AKRRVVQREKRAVGVGAMI	7
AKRRVVEREKRGAALGAVL	7
ARRRVVEREKRAVTMGAVF	7
ARRRVVKREKRAVGMGAVF	7
ARRRVVQREKRAIGLGALF	7
ARRRVVQREKRGVGLGALF	7
AKRRAVQREKRA-ALGALF	7
AKRRVVQREKRAVTLGAML	7
ARRRVVQRERRAVGLGALF	7
ARRRVVQREKRA-AIGAMI	7
AKRRAVQREKRAVGIGAVF	7
AKRRVVQREKRAITLGALF	7
AQRRVVQREKRAVVGIGMLL	7
AKRRVVERKKRAVGIGAMI	7
ARRRVVNREKRAVGIGAMI	7
AKRRVVEREKRGIGIGAVF	7
SKRIVVEREKRAVGIGAVF	7
AKRRVVERAKRAVGIGAVF	7
AKRRVVNREKRAVGLGAMI	7
SKRRVVEREKRAVGIGAMF	7
AKRRVVQRDKRAVGMGALL	7
AKRRVVEREKRAFGLGAAF	7
AKRRVVQREKRAVGVGAMF	7
AKRIVVQREKRAVTLGAMF	7
AKRRVVEREKRAT-LGAVF	7
ARRRVVQREKRDLGFGALF	7
ARRRVVEREKRAVGIGALF	7
AKRRVVEREKRSVTIGAVF	7
AKRRVVQRERRAIGIGAVF	7
AKRRVVQREKRAVGFGAVLF	7
AKRRVVGREKRAVTLGVMF	7
AKRRVVGREKRAV-LGAVF	7
AKRRVVQREKRAV-LGAIF	7
AKRRVVEREAKTRVVERKKRAVGIGAVF	7
AKRRVVEREKRAVGAAAMI	7
AKRRVVGREKRAVGIMGAVF	7
AKRRVMQREKRAVGMAAVF	7
AQRRVVAREKRAVGIGAVF	7
AKRRVVGREKRAAGIGALL	7
AKRKVVEREKRAIGIGAAL	7
AKRRVVGREKRMAGIGAVF	7
AKRRAVQREREKRAVGIGAMI	7
AKRRVVQREKRAVGMVGAMF	6
AKRRVVQREKRAAGLGVMF	6
AKRRVVQREKRALGVGALF	6
AKRRVVQREKRAVGIGVMF	6
AKRRVVGREKRAAGLGAML	6
AKRRVVERQKRALGIGAVF	6
AKRRVVERHKRALGIGAMF	6
AKRRVVERQKRAVGIGIGAVI	6
AKRRVVERQKRAVGLGAVL	6
AKRRVVQGEKRAVGIGAVF	6
ARRRVVQREKRAVGMGAVL	6
AKRRVVQREKRAVGVIGAVF	6
ARRRVVEREKRA-AIGALI	6
AKRRVVQREKRAVGLGVLF	6
AKRRVVQREKRAIGMIGAMF	6
AKRRVVQKEKRAVGLGAVF	6
AKRRVVQREKRAITLGAVF	6
ARRRVVEREKRAAGIGAVF	6
AKRRVVEREKRAMGIGAVF	6
AKRRVVERQKRAIGLGAVF	6
AKRRVVHREKRAVGMIGAMF	6
ARRRVVEREKRA-AIGAMI	6
AQRRVVQRDKRAVGIGAMF	6
AKRRVVQREKRTVGIGAVF	6
ARRRMVERGKRAVGLGAVF	6
AXRRVVEREKRAIGLGAAF	6
ARRRVVQREKRAVGMIGAMF	6
AKRRVVQKEKRAVGIGALF	6
SRRRVVQREKRAVGIGAVF	6
AKRRVVEREKRAIGMGAVL	6
AKRRVVQREKRAITIGAMF	6
ARRRVVDREKRAVGIGTMI	6
AQRRVVQREKRAIGLGAMF	6
AKRRVVQREKRAMGLGAFF	6
AKRRVVQREKRAVGLGVFF	6
ARRRVVERRKRAVGIGAVL	6
AKRRVVEKEKRAVGMGALL	6
SKRRVVEREKRAVGLGAVI	6
ARRRVVEREKRAVTLGAMF	6
AKRRVVGREKRAVGIGAII	6
AQRRVVQREKRAVGVGAFL	6
AQRRVVQREKRAVTMGAMF	6
AKRRVVERGKRAVVGLGAVF	6
AQRRVVQREKRAVGIGAVL	6
AKRRVVQREKRAVGIIGAMF	6
IARPVIGTGTHREKRAVGLGMLF	6
ARRRVVGREKRA-ALGAIF	6
ARRRVVQREKRA-AFGALF	6
AKRRVVQREKRAVIIGAMF	6
AKRRVVEREKRAVGLLGAVF	6
AKRRVVQREKRAVTMGAML	6
AKRRVVQRERRA-ALGAMF	6
AKRRVVEREKRAAALGAMF	6
AKRRVVQREKRGV-IGAMF	6
AKRRVVKIEKRAVGIGAVL	6
AKRIVVEREKRAIGLGVAF	6
AKRRVVEIEKRAVGIGAVL	6
AKRRVVQREKRAVA-GALF	6
AKRRVVQREKRA-AFGAVF	6
AKRRVVQREKRVGALGAMF	6
AKRRVVQREKREVTLGALF	6
AKRRVVQSEKSAVGIGAVF	6
AKRQVVKRERRAVGLGALF	5
AKRRVVEREKRAVVELGAVF	5
AKRRVVQREKRAVGIGAFF	5
AKRRVVQREKRAVGLGAXF	5
AKRRVVGREKRAVGIGAVL	5
AKRRVVERQKRAVGVGIGAVI	5
AKRRVVERQKRAVVGIGAVI	5
ARRRVVGREKRAVGLGAVI	5
AKRRVVQRKKRAVGTIGAMF	5
AKRRVVEREKRAIVGLGAAF	5
AKRRVVEREKRAIGMGALF	5
AKRRVVQREKRA-GLGAVF	5
ARRRVVEREKRAVTLGAVF	5
AKRRVVEREKRAAVGIGAVF	5
ARRRVVQREKRAIGLGAAF	5
AKRRVVQREKRAMGIGAVL	5
AKRRVVQREKRAVGIVGAMF	5
AKRRVVQRGKRAVGIGALF	5
AKRRVVEREKRA-AIGALF	5
AKRRVVQRGKRAVGLGALF	5
AKRRVVDRKKRAVGLGAVF	5
AKRKVVQREKRAVGTIGAMF	5
AKRRVVEREKRAVGFGAVF	5
AKRRVVDKGVVNRERRAVGIGAVF	5
ARRRVVQREKRAITLGAAF	5
AKRRVVQREKRDITLGAMF	5
AKRRVVQREKREITIGAMF	5
AKRRVVQREKRAMGITAMF	5
GRRRVVGREKRAIGLGAAF	5
AKRRVVAREKRAVGIGAMF	5
AKRRVVEREKRAFGLGAVF	5
ARRRVVQREKRAVGLGAVL	5
AKRRVVQREKRVGTLGAMF	5
AKRRVVQREKRAIGMGAVF	5
AKRRVVEGEKRAVGIGAVF	5
AKRRVVDKEKRAVGIGAMI	5
AKRRVVTREKRAVGLGAMI	5
AKRQVVRREKRAVGMGALF	5
AKRRVVEREKRAVGIGIMI	5
AKRRVVEREKRA-ALGAVL	5
AKRRVVQREKRAVGAIGAVF	5
ARRRVVGREKRAVGMGAVF	5
ARRRVVQREKRAVGMGAMF	5
AKRRVVQREKRAMGIGAFF	5
ARRPVVQREKRAVGTLGAMF	5
ARRRVVERGKRAVGIGAVL	5
AKRKVVERGKRAVGIGAVF	5
AKRRVVQRERRAVTMGAMF	5
ARRRVVEKQKRAVGIGAMI	5
ARRRVVQKEKRAVGIGAMI	5
AKRRVVQREKRA-AIGALV	5
AQRRVVQREKRAAGLGALF	5
AKRRVVQREKRAMGFGAFF	5
AKRRVVQKEKRALGIGAMF	5
AKRRVVEREKRALGGIGAVF	5
ARRRVVQKEKRAVGLGALF	5
AKRMVVERKKRALGLGALF	5
AKRQVVKREKRAVGIGAVF	5
AQRRVVQREKRAVTLGAMF	5
ARRRVVQREKRAFGLGAVF	5
AKRRVVQREKRA-GIGAVF	5
ARRRVVQREKRA-ALGAML	5
ARRRVVGRERRAVGLGVFF	5
AKRRVVQREKRTIGLGALF	5
AKRRVVPREKRAVTLGAVF	5
AKRRVVPREKRAITLGAMF	5
AQRRVVQREKRAVGLGAML	5
AQRRVVQREKRAVGLGAMI	5
ARRRVVQREKRAVGLGAML	5
AKRRVVQREKRGVGIGAVF	5
SKRRVVEREKRAAGIGAVF	5
AKRRVVEREKRTAGIGAVF	5
AKRRVVEREKRAVVGMGAVL	5
AKRRVVQREKRAVGIVAVF	5
AKRRVVQREKRAVGIGVML	5
ARRRVVQREKRAVVGIGALL	5
AKRRVVQREKRAVILGAMF	5
AKRRVVHKEKRAVGLGAMF	5
ARRRVVEREKRAIGMGAMF	5
SKRRVVEREKRAVVGIGAVF	5
AKRRVVEREKRA-AMGALI	5
ARRRVVGRERRAVGIGAVF	5
ARRRVVQREKRAAVGMGALI	5
AKRRVVQKEREKRAVGIGAMI	5
AKRRVVQREKRAVGIGAVI	4
AKRRVVQRERRAVGALGAMF	4
ARRRVVQREKKAVGIGALF	4
ARRRVVEREKRAVGMGAVL	4
ARRRVVGREKRAVGMGAVL	4
AKRRVVQGEKRAVGLGAVF	4
AKRRVVGRERRAVGVVGAMI	4
AKRRVVGREKRAVGVVGAVI	4
ARRRVVKKEKRAVGIGAMI	4
AKRRVVQREKRAMGIGAMF	4
AKRRVVKREKRAVTIGAVF	4
AQRRVVGREKRAVGLGAVF	4
ARRRVVEREKRAAGLGAVF	4
ARRRVVQREKRAIGGLGALF	4
AKRRVVQREKRAIMMGALF	4
AKRRVVQREKRAIGIGAMV	4
AKRRTVQREKRAVGVVGAMI	4
AKRRVVHREKRA-ALGALF	4
AKRRVVRREKRAVTLGAVF	4
AKRRVVRREKRAVTLGAMF	4
AKRRVVDREKRAVGIGAVF	4
ARRRTVEREKRAVGIGAVF	4
ARRRVVQREKRAVGALGAVF	4
ARRRVVERQKRAVGLGAVF	4
AKRRVVEREKRAVGLGVAF	4
AKRRVVGREKRAVGIGAAF	4
ARRRVVGREKRAVTIGAVF	4
AKRRVVERQKRAVGIGALI	4
AKRRVVEREKRAVGMGAFF	4
AKRRVVEREKRAVGLGVMF	4
ARRRVVQREKREVTLGALF	4
ARGRVVQREKRAVGLGAVF	4
AKRRVVQREKRAAGITAVF	4
ARRRVVQREKRAAGIGAVF	4
AKRRVVQREKRA-GLGAVL	4
AKRRVVQRERRAVTIGAMF	4
ARRRVVERQKRAIGLGAAF	4
AKRRVVQRKKRAVGIGALF	4
AKRRVVEREKRA-ALGAMI	4
AKRQVVTREKRAVGIGALF	4
AKRRVVQREKRAVTLGAVL	4
AKRRVVEREKRAVGIGTVF	4
AKRRVVERXKRAVGIGAVF	4
AKRRVVERQKRAIGIGAVF	4
AKRRVVEREKRAV-LGAVF	4
ARRRVVEREKRAVGLGAMI	4
AKRRVVQRDKRA-ALGAVF	4
AKRRVVEREKRAVMGIGAVF	4
AKRRVVKREKRAVGLGALF	4
AKRRVVEKGKRAAGMAAVF	4
AKRRVLERQKRAVGIGAVF	4
AKRQVVQREKRAVGMGALF	4
AKRRVMQRERRAVVGMGAVL	4
AKRRVVGREKRALG-AAVF	4
ARRRVVGREKRAIGMGAVL	4
AKKRVVEREKRAVGLGAVF	4
AKRRVVEREKRAVGLGAAI	4
AKRRVVQREKRALTLGAMF	4
AKRRVVQRDKRAVGIGAVF	4
AKRRVVQRKKRAVGLGAMF	4
ARRRVVQREKRAVGLGVLF	4
AKRRVVEKAKRAVGIGAVL	4
AKRRVVEREKRA-ALGVVF	4
AKRRVVEREKRAVVGVGAVF	4
ARRRVVQREKRDLGFGAFF	4
AKRRVVGREKRA-ALGAMF	4
AKRRVVQREKRA-AIGAVL	4
AKRRVVEREKRAVGLGALL	4
AKRRVVQRERRAITLGAMF	4
ARRRVVQRERRAAGLGALF	4
AKRRVVQRDKRAVGMIGAMF	4
ARRRVVQREKRAVGFGALF	4
ARRRVVQRERRAIGLGAMF	4
AKRRVVQREKRDLGLGALL	4
AKRRVVQREKRALGIGAMF	4
ARRRVVGREKRAVVGLGAVF	4
AKRRVVQREKR-VAIGALF	4
AKRRVVQREKRAIVGVGAAF	4
AKRRVVERRQRRAVGIGAVF	4
AKRRVVERRQKRAVGIGAVL	4
ARRRVVQREKRAIGLGAMF	4
AKRRVVQREKRALGGLGAMF	4
AKRRVVQREKRAVMLGAVF	4
AKRRVVQREKRAITMGAVF	4
ARRIVVTREKRAVGLGAVL	4
ARRRVVGREKRAVGVGAVF	4
AKRRVVQREKRAVGAFGAMF	4
ARRRVVQREKRAVGLGAFL	4
ARRRVVQRERRAVVGLGAVL	4
AKRRVVEREKRTVGLGAVF	4
AKRRVVEREKRAVGTGAMF	4
AKRRVVERQKRAVGLGAMF	4
ARRRLVEREKRAVGIGAVF	4
ARRRVVEKEKRAAGIGAVL	4
SKRRVVEKEKRAVGLGAVF	4
ARRIVVKREKRAIGLGVAF	4
SKRAVVQREKRAVGLGAVF	4
ARRRVVEKEKRAIGIMGAMF	4
ARRRVVQKEKRAVTLGAVF	4
AKRRVVQREKRAAGV--VF	4
AKRRVVQRDKRAVGTLGAVF	4
ARRRVMQREKRAVGLGAMF	4
AKRRAVQRGKRAVGAFGALF	4
AKRRAVQREKRAVGAFGALF	4
AQRRVVQREKRAVGLGVVF	4
AKRRVVEREKRAIVGLGAVF	4
AKRRTVQREKRAVGLGALF	3
AKRRVVQREKRAT-FGALF	3
AKRRVVQREKRAVGTFGALF	3
AKRRTVQREKRAVGIGAMF	3
AKRRVVQREKRAVGIGVLL	3
AKRRVVGREKRAVGLGAVL	3
AKRRVVGREKRAVGMGAVL	3
AKRRVVQREKRAMGLGAVF	3
AKRRVVQREKRALGLGAVF	3
AKRRVVERQRRAVGLGAVF	3
AXRRVVEREKRAVGIGAMI	3
AKRRVVEREKRAXGIGAMI	3
AKRRVVERQKRTVGIGAMI	3
AKRRVVEREKRAIMDWELL	3
AKRRVVERKKRAVGIGAVL	3
SKRKVVGREKRAVGLGAVL	3
AKRRVVEREKRAVGIVAVF	3
AKRRVVQGEKRAVGIGAMF	3
AKGRVVQREKRAVGIGAVF	3
AERRVVQREKRAVGIGAVF	3
ARRRVVQREKRAV-IGAMF	3
ARRRVVEREKRAVGIGALL	3
AQRRVVKRERRAVGIGAVL	3
ARRRVVQREKRAVGMAALF	3
AKRRVVQREKRAVGMLGALF	3
AKRKVVQREKRAVGIGALF	3
AKRQVVKRERRAVGIGALF	3
AKRRVVDRQKRAVGIGAVF	3
AKRPVVQREKRAVGMGAVL	3
AKRRVVQREKRAITMGALF	3
AKRRVVQREKRAVGALGALF	3
ARRRVVQREKRAIGGIGAMF	3
AKRRVVEREKRAVVGIGAMF	3
AKRRVVKREKRAVVGIGAVF	3
AKRRAVQREKRAVGIGAMF	3
ARRRVVQREKRVVGIGAVF	3
AQRRVVNRERRAVGIGAMI	3
AKRRVVERDKRAVGLGAVF	3
AKRRVVQREKRAVLGLGALF	3
AKRRVVQRDKRAVGLGAVF	3
AKRRVVEREKRAVGIGAFV	3
AKRRVVERGKRAVGMGAVF	3
AKRRVVQREKRAIAGLGALF	3
AKRRVVQREKRAAGMAAVF	3
AQRRVVQKEKRAVGLGAMF	3
AKRRVVERQKR--GIGAVI	3
ARRRVVQREKRAVGFGAMF	3
AKRRVVEREKRAIGLGAAX	3
AKRRVVQREKRAIGLGAAF	3
AKRRVVERGKRAIGLGAAF	3
AKRRVVEREKRAVVGLGAAL	3
AKRRVVQKEREKRAITLGAMF	3
AKRQVVRREKRAVGLGAVF	3
AKRRVVQREKRAIG-AALF	3
AKRRVVEREKRAVTMGAVF	3
AKRRVVQREKRIGTLGAVF	3
AKRRVVEREKRAITIGAVL	3
ARRRVVEREKRAIGVGAVF	3
ARRRVVEREKRAIGIGAVL	3
AKRRVVEREKRAIGFGAFF	3
AKRRVVGREKRAVGIGALF	3
ARRRVVGREKRAIGGLGAVF	3
ARRRVVQREKRAVGLGALL	3
AKRGVVQREKRAVGTIGAMF	3
AKRRVVQREKRAIGIGAAF	3
AKRRVVQREKRAVGTVGAMF	3
AKRRVVEREKRAVLGMGAVF	3
AQRRVVEREKRAVGIGAVL	3
AKRRAVQRERRA-AIGALF	3
AKRRVLERQKRAVGMGAVF	3
AKRRVVGREKRAVGLGAAF	3
AKRRVVERGKRAVGIGGVF	3
ARRRVVQREKRAVGTIGAVF	3
AKRAVVGREKRA-ALGALF	3
AKRRVVGRGKRAVGIGAVF	3
AKRRAVEREKRAVGIGAVF	3
ARRRVVEREKKAIGLGAVF	3
AKRRVVQREKRAVGVAAFF	3
SKRRVVEKEKRAVGIGAMF	3
SKRRVVEKEKRAAGIGAMF	3
AKRRVVEREKRAVEIGAVF	3
AKRRVVEREKRAVTIGAMF	3
AKRRVVEREKRAIGMGAFF	3
AKRRVVQREKRAVIGMGAVF	3
AKRIVVQREKRAVGTIGAMF	3
AKRQVVRREKRAVGIGALF	3
ARRRVVEREKRAIIGLGAAF	3
ARRRVVAREKRAVVGLGAVF	3
AKRRVVQREKRGVTLGALF	3
AKRRVVQREKRAVGTFGAMF	3
AKRRVVQREKRAVGAMGAMF	3
ARRRVVQRKKRAVGLGALF	3
AKRRMVQREKRAVGLGALF	3
AKRRVVQREKRAVTMGAVF	3
AKRRVVQREKRAI-IGAVF	3
ARRRVVEREKRAFGLGAAF	3
ARRRVVQREKRAITLGAMF	3
AKRRVVEREKRAVGIGVVF	3
AKRRVVERKKRA-ALGAVF	3
AKRRVVEREKRAAPLGALF	3
AKRRVVERERRAVGLGAVI	3
AQRRVVQRERRAVGLGAMF	3
ARRRAVQREKRAITLGAMF	3
ITRPVISNHRNKRAAGLGMLF	3
ARRRVVQREKRTVGLGAFF	3
ARRRVVQREKRTVGLGALF	3
AKRRVVEREKRA-ALGVMF	3
AKRRVVGREKRAAGIGAVF	3
ARRRVVEREKRAAGIGALF	3
ARRRVVGREKRAVGLGAAF	3
AKRRVVERQKRAIGLGALF	3
AKRRVVQREKRAIIGMGAVL	3
ARRRVVERGKRAVGIGAMI	3
AKRRVVQREKRGAGIGALF	3
AKRRVVQREKRAVGMAAVF	3
AKRRVVEREKRAATLGAVF	3
AKRRVVHRERRAVGLGALF	3
AKRRVVQGEKRAVGLGALF	3
ARRRVVQREKRAIGMGAVF	3
AKRRAVQREKRAVGLGAVF	3
AKRRVVQREKRAIPVGAVL	3
AKRRVVQREKEQWEIGAVF	3
AKRIVVEREKRAVGIGAVL	3
AKRRVVEREKRAAGIGAVI	3
AKRRVVQREKRALGLGALF	3
AKRRVVGREKRAVVGLGAVF	3
AKRRVAQREKRAVGIGAVF	3
AKRRVVEREKRAVGFGAFF	3
ARRRVVKREKRAVGLGAVF	3
AKRRVVAREKRAIGMGAFF	3
AKRRVVQREKRA-AMGALF	3
AKRMVVQREKRAVGIGAMF	3
AKRRVVEKEKRA--IGAVF	3
AKRRVVQREKRAVTIGALF	3
AKRRVVQREKRAIGGLGAMF	3
AKRRVVQREKREVGLGALF	3
ARRRVVQREKR--GIGAVF	3
AKRRVVGREKRAIGIGAVF	3
AKRRVVQREKRAIGMGAMF	3
AKRRVVQREKRA-AIGAMI	3
AKRRTVQREKRAVGIGALF	3
SRRRVVEREKRAVGLGAVF	3
AKRRVVDREKRAIGLGAMF	3
AKRRVVERKKRAVGLGAVF	3
AKRRVVQREKGAVTLGAMF	3
AKRRVVQRERRA-AIGALF	3
AKRRVVGREKRAVALGAMF	3
AKRRVVQRERRAVGAFGAVF	3
AKRRVVQRKARAAGLGAVI	3
AXRRVVQREKRAVTLGAVF	3
AKRRVVQRDKRAVGTIGAMF	3
AKRRVVERGKRAVGLGAMF	3
AKRRVVQREKRDVGIGALL	3
AKRRVVQREKRAVLGIGAVF	3
AKRRVVQREKRGVTIGAML	3
ARRIVVQREKRAVGTLGAMF	3
AKRRVVEREKRALIGLGAVF	3
SMRRVVQREKRAVGLGAVF	3
AKRRVVQRDKRAVGFGAVF	3
AKRRVVGREKRAIGMGAFF	3
ARRRVVQREKRAVGLGTVF	3
AKRRVVERDKRAVGIGAVF	3
ARRRVVQREKRAVTIGALF	3
AKRRVVERKKRAVGMGAVF	3
SKRRVVEREKRAVGAVGAMF	3
AKRRVVEREKRAIAIGTML	3
AKRRVVEREKRA-AIATMI	3
ARRRVVQREKRAIGVGAMF	3
AKRRVVQREKRAVGILGAIF	3
AKRRVVQREKRAIGILGAMF	3
AKRRVVQREKRAVILGAVF	3
AKRRVVKRKERAVGIGAVF	3
AKRQVVRREKRAVGIGAVF	3
AKRIVVERQKRAIGLGVAF	3
AKRRVVQREKRAV-IGALF	3
ARRRVVEREKRAVTIGAVL	3
AKRRVVGREKRAIGLGAMF	3
AKRRVVEREREKRAVGMGAVL	3
AKRRVVERVVEREKRAVGMGAVF	3
ARRRVVEKIEREKRAVGMGALL	3
AKRRVVEREKRAAALGALI	3
ARRRVVGRERRAVGIGDVF	3
AKRNVVQREKRAVMGIGAVF	3
AKRRVVQREKRTVGLGAVF	3
ARRRVVQREKRVGMLGAMF	3
AKRRVVQKEKRAVGTLGAMF	3
AKRRAVQREKRAVGLFGALF	3
AKRRVVQREKRAMGFGALF	3
AKRRVVQREKRAAGIGVMF	3
AKRRVVQREKR-VAAGALF	3
ARRRVVGREKRAVGLGAFF	3
AKRRVVETREKRAVGIGAVF	3
ARRRVVGREKRAVGVGAVL	2
AKRRVVQREKRGIGLGAMF	2
AKRRVVQREKRAIVGMGAMF	2
AKRRVVQREKRAAGIGAIF	2
AKRRVVQREKRAIGALGAVF	2
ARRRVVQREKRAIGTLGAVF	2
ARRRGAQREKRAVGIGALF	2
RRRRVVQREKKAVGIGAFY	2
ARRRVVQKEKRAVGIGALF	2
ARRRVVQREKRAIGALGAVF	2
AKRRVVQREKRAVGTIGTMF	2
AKRRVVKREKRAVGMGAMF	2
AKRRVVERGKRAVTMGAMF	2
SKRRVVEREKRA-AVSAML	2
AKRRVVDREKRAVGLGAVL	2
AKRRVVEREKRAVGMGAAL	2
AKRRVVQREKRTVGLGAMF	2
AKRRVVRREKRAVGLGALF	2
TKRRVVGREKRAVGVVGAMI	2
ARRRVVGREKRAVGVVGAMI	2
AKRRVVGKEKRAVGVVGAMI	2
TKRRVVEREKRAVGVVGAMI	2
AKRRVVQKEKRAFGLGAVF	2
AKRRVVQREKRAFGLGALF	2
AQRRVVERQKRAVGIGAVF	2
AKRRVVERQKRAAGIGAVF	2
AKRRVVERQRRAVGIGAVF	2
AKRRVVQREKRTVGTIGAMF	2
AKRRVVERQKRAVGIGTMI	2
AKRRVVRREKRAVGLGAMF	2
AKRRVVQREKRAIGGLGAAL	2
SKRRVVGREKRAVGLGAML	2
TKRRVVQREKRAVGIGAMF	2
AKRRMVQREKRAVGIGAVF	2
AKRRVVEREKRAVGGFGAMI	2
AKRRVVEREKRAVVSIGAVF	2
AKRRVVEREKRAVSLGAVF	2
ARRRVVGRGKRAVVGMGAMF	2
AKRRVVQREKRAVAGLGAVL	2
AKRRVVQREKRAATLGAMF	2
ARRRVVQKEKRAITLGAMF	2
ARRRVVEREKGAIGLGAMF	2
AKRRVVEGEKRAIGLGALF	2
AKRRVVEREKRAIGLGTLF	2
AKRRVVEREKRGITLGAAF	2
ARRQVVKREKRAVGIGALF	2
AKRRVVQREKRAVVGFGALF	2
AKRRVVQREKRAIGTIGVMF	2
AKRRVVQREKRAVGIGTLF	2
AKRLVVQREKRAVGTLGAMF	2
AKRLVVQREKRAVGALGAMF	2
ARRRVVQREKRAV-LGAVF	2
AKRRVVQREKRAIGVMGAMF	2
AKRRVVQREKRAVMLGAMF	2
AKRQVVQREKRAVGIGAMF	2
ARRRVVDREKRAVGLGAVF	2
AKRRVVEREKRDLGIGAVL	2
AKRRVVEREKRTVGIGAVL	2
SKRRVVEREKRAAGIGAVL	2
AKRRVVERERRAVGLGAMF	2
AKRRVVQREKRAVRLGALF	2
AKRRVVRREKRAVGVVGAMF	2
AKRRVVQREKRAVGLGATF	2
ARRRVVQREKRA-AIGAMF	2
AKRRVVQREKRAIA-GAVF	2
AKRRVVQREKRALGMGAFF	2
ARRRVVGREKRAAGLGAVF	2
AKRRVVDREKRAVGLGAVF	2
AKRRVVQREERAVGIGALF	2
AKRRMVEREKRAVGLGAVF	2
AKRRVVERGKRAIGLGAVF	2
AKRRVVQREKRAVGLGVMI	2
AKRRVVEREKRAVGVGAFI	2
AKRRVMGREKRAVTIGAVF	2
AKRRAVQREKGAIGFGALF	2
ARRRVVQREKRAVGLGAAF	2
AKRRVVQREKRAIGALGAMF	2
ARRRVVQREKRAMGLGAVF	2
ARRIVVQREKRAVGALGAMF	2
ARRRVVQREKRAVGLLGAMF	2
ARRRLVQREKRAVGLGAVF	2
AKRRVVQREKRAVTLGAMS	2
AKRRVVQRGKRAVTLGAMF	2
AKRRVVQREKRDLGMGALF	2
ARRRVVGREKRAXGLGXAF	2
ARRRVVERGKRAIGLGAAF	2
AXRRVVEREKRAIIGLGAAF	2
AKRRVVERGKRAIGMGAFF	2
ARRRVVQREKRALGMGALF	2
ARRRVVQREKRTVGIGALF	2
AKRRVVQREKRALGLGAMF	2
ARRRVVQREKRGVTLGALF	2
ARRRVVQREKRAVVGLGAMF	2
ARRTVVQREKRAVGMLGAMF	2
AKRRVVQRERRAVGTLGVMF	2
ARRRVVVREKRAIGLGAMF	2
AKRQVVRRERRAVGIGAVF	2
AKRRVVKREKRAVGIGAMF	2
AKRRVVDREKRAVGIGAVL	2
AKRRVVEIEKRAVGIGAMI	2
ARRRVVQREKRAVGLGAXF	2
ARRRVVQRRDKRAVGLGAMF	2
AKRRVVEREKRAITGLGAAL	2
AKRRVVERGKRAVVGLGAAF	2
ARRRVVEREKRAAIGLGAVF	2
ARRRVVEREKRAAGLGALF	2
SRRRVVEREKRAVGIGAVL	2
AKRRVVEREKRAAGLTAVI	2
ARRRVVERQKRAIGIGAVF	2
ARRRVVEREKRAITMGAVF	2
AKRRVVQREKRTMGLGAMF	2
AKRRVVQREKRAVGTIRAMF	2
AKRRVVXREKRAVGIGAMI	2
ARRRVVERKKRAVGIGAMI	2
AKRRVVQRDKRA-ALGAIF	2
AKRKVVQREKRAVGLGAMF	2
AKRRVVGKEKRAVGIGAVF	2
AKRRVVEIEKRAVGIGAVF	2
AKRRVVERGKRAVGMGALF	2
AKRRVVEREKRAVLGIGAVF	2
AKRRVVQRDKRAVGIGAVL	2
ARRRVVQREKRAAGIGALF	2
ARRRVVQREKRAAGIGAMF	2
AKRRVVERDKRAVGIGALI	2
ARKRVVEREKRAVGIGAVL	2
AKRRVVQRXKRAVGLGALF	2
AKRRVVQRKKRAVGLGALF	2
AKRRMVEREKRAVGIGAMI	2
AKRRVVEREKRAVGMGAIF	2
AKRQVVQREKRAVGTLGALF	2
AKGRVVEREKRAVGLGAVF	2
AQRRVVKRERRAVGIGAVF	2
ARRRVVQRERRAVGMLGAMF	2
ARRRVVQREKRAVGLIGAMF	2
AKKRVEQTEKTIVATIRAIF	2
AKRRMVQREKRAVGTMGAMF	2
AKRRVVQREKTVGTIGAMF	2
AKRRVVKRDKRAVGIGAMF	2
AKRRTVERGKRAVGVGAVI	2
AKRRVVQKEKRAVGMGALF	2
SKRRVVEKEKRA-AIGAVF	2
SKRRVVEREKRA-ALGAVF	2
AKKRVVQREKRAVGIGALF	2
AQRRVVKREKRAVGIGAVF	2
AQRRVVEREKRAVGIGAVF	2
AKRRVVEREKRAVGLGVMI	2
AKRRVVEREKRAVGIGMMI	2
AKRRVVQREKRPVGTIGAMF	2
AKRQVVRRERRAAGIGALF	2
AKRRVVERERRAIGLGAMF	2
AKRRAVGREKRAVGIGAVF	2
AKRRAVGREKRAVGLGAVF	2
AKRRVVERGKRAVGLGAVL	2
AKRRVVQREKREVTLGAMF	2
AKRRVVQREKRA-ALGVMF	2
AKRRVVQREKRAAGFGALF	2
AKRKVVQREKRAVGLGALF	2
ARRRVVQREKRAAGLGALL	2
ARRRVVERKKRAVGIGAVF	2
AKRRVVKKEKRAVGIGAVL	2
AKMRVVEREKRAVGIGAVF	2
AKRRVVEREKRALGVVAVL	2
AKRRVVQREKRTVGIGAMF	2
ARRRVVDREKRAVGIGAMF	2
AQRRTVEREKRAVGIGAVI	2
AKRRVVEREKRSVTLGAMF	2
ARRRVVEREKRAMGMGAVF	2
AKRQVVKREKRAVGLGALF	2
AKRRVVQREKKAVGLGAMF	2
ARRRVVEREKR--GLGAVF	2
AKRRVVERGKRAVEIGAVF	2
AKRRVVEREKR--GIGAVL	2
ARRRVVQREKRDLGLGAMF	2
AKRRVVGREKRA-ALGAVF	2
AKRRVVEREKRVVGIGAVF	2
AKRRVVQREKRAAFGLGALF	2
AKRRVVQREKRAVGVLGAVF	2
AKRQVVGREKRAVGLGALF	2
AKRRVVERKKRAAGLGALF	2
AKRRIVEREKRAIGLGAVF	2
ARRRVVEREKRA-ALGAVF	2
AKRRVVQREKRAVGMGAWF	2
AKRRVVQRKKRALGIGAVF	2
ARRRVVQREKRAVGTLGALF	2
ARRRVVQREKRAIGVGAVF	2
AXRRVVEREKRAIGLGAMF	2
AKRQVVKRDKRAVGIGAVL	2
AKRRVVQREKKAVTLGAMF	2
TKRRVVEREKRAVGIGAMI	2
AKKRVVQREKRAVGIGAMI	2
ARRRVVQREKRAIGTFGAVF	2
AKRRVVQREKRAIGTFGAMF	2
ARRRVVQREKRAAGIGAVL	2
AKRRVVEKQKRAIGLGAMF	2
AKRRVVEREKRAVGIEAVF	2
AKRRVVQREREKRAVVGLGAVF	2
AKRRVVAREKRAVGLGAVF	2
AKRRVVERQKRAIGMGAVF	2
AKRRVVEREKRAIVGLGAAL	2
AKRRVVQREKRA-ALGALL	2
ARRRVVHRERRAVGLGAMF	2
AKRRVVHRERRAVGLGAVF	2
AKRRVVQREKRAVGIEALF	2
AKRRVVQREKRAVETIGAMF	2
AKRRVVQREKKRAVGTIGAMF	2
AKRRVVQGEKRAVGAIGAMF	2
AKRRVVQRKKRAVGMLGAMF	2
AKRRVVQREKRTVGMGALF	2
AKRRVVQREKRA-ALGVLF	2
ARRRTVQREKRA-AIGAML	2
ARRRVVQREKRVVGLGALF	2
AKRRVVQREKRA-ALTTMF	2
AKRRVVQREKRAGGLGAMF	2
AKRRVVQREKRAVEIGAMF	2
AKRRVVQREKRAIPVGAMI	2
AKRRVVQREKRAIPVGVML	2
AKRRVVQREKRAALGIGALF	2
AKRRVVQREKRAIVGIGALF	2
AKRQVVKREKRAVGLGAMF	2
AKRRVVEREKRAAGIGALI	2
AKRRAVEREKRAVGIGAVL	2
ARRRVVTREKRAIGLGAMF	2
AKRRVVQREKRAVGIGAIL	2
AKRRVVEREKRAIGLGAAL	2
AKRRVVAREKRAIGLGAVF	2
AKRQVVQREKRAVVGIGAVL	2
AKRQVVKRERRAVGIGAVF	2
AKRRVVQREKRAVGLIGAMF	2
AKRRVVQREKRAVGIGAMS	2
AKRQVVQREKRAAGLGALF	2
PRRRVVEREKRAVGLGAVF	2
AKRRVVQRQKRAVGIGALF	2
AKRRVVRREKRA-ALGALF	2
AKRRVVQREKRAIVGIGAAF	2
AKRQVVKREKRAAGMAALL	2
AKRQVVKREKRAVGLGAVF	2
AKRRVVEKEKRAVTLGAVF	2
AKRRVVGRGKRAVTLGAVF	2
ARRRVVEREKRA-AFGAIF	2
AKRRAVQREKRAVTLGALF	2
AKRRVVQREKRGVGLGALF	2
AKRRVVERQKRAVTIGAMF	2
AKRRVVQREKRA--LGAVF	2
ARRRVVGRERRAIGLGVFF	2
AKRRVVERRQRRAVGIGAVL	2
AKRRVVEKRQRGAVGIGAVF	2
AKRQVVTREKRAVGLGALF	2
AKRRVVQRERRAVGVVGAMF	2
ARRRVVQREKRAVMGLGAMF	2
AKRRVVQRQKRAVGFGALF	2
AKRRVVQREKRAMGVGAVL	2
AKRRVVRREKRAVGTLGAVF	2
AKRRVVRREKRAVGIGAVF	2
AKRKVVEREKRAVGIGAVL	2
AKRRVVQRERRAVTLGALF	2
ARRRVVQREKRA-AITAMF	2
AKRRVVGREKRAVTIGAVF	2
AKRRVVQKEKRAVGFGALF	2
AKRRVVQREKRGAGIGVLL	2
AKRRVVDKVKRAVGIGAMI	2
AKRRVVERQKRA-AIGAMI	2
AKRRVVQREERAVGLGAMF	2
ARRRVVQREKRTVGIGAVF	2
AKRRVVEREKRAIGFGAMF	2
AKRRVVEREKRAVGXGAVF	2
AKRRVMEREKRAVGIGAVF	2
ARRRVVQREKRAVFGLGAVF	2
AKRRVVQREKRAVGLIGAVF	2
AKRRVVQREKRSPTLGALF	2
ARRRVVQRERRAVGTIGAMF	2
ARRRVVGREKRAVGLGALL	2
AKRRVVQREKRAVGAIGALF	2
AKRRVVEREKRAVFGLGAVF	2
ARRRVVQREKRAVGVGALL	2
AKRRVVQREKRAVTLGAIF	2
AKRGVVQREKRAVGTLGAMF	2
TKRRVVQREKRAVGIGAVF	2
AKRQVVRRDKRAVGFGALF	2
AKRQVVKREKRAVVGMGALF	2
AQRRVVQREKRAVGIGAVF	2
AKRRVVEREKRAAGIGALL	2
AKKRVVQREKRAIGIGALF	2
AKRRVVQREKRAIGGIGAMV	2
AKRRVVQREKRAAVGIGAMV	2
AKRRVVPRKTRAAGLGAVI	2
AKRRVVQRERRAAGLGAVI	2
ARRRTVGREKRAVEIGAVF	2
AQRRVVQREKRAVGLGAVF	2
ARRRVVQREKRTVGLGAMF	2
AKRRVVQREKRAVTVGAVF	2
AKRRVVQREKRAAGIGAMI	2
AKRRVVQREKRAVEIGAMI	2
ARRRVVEREKRAVGVGAVMF	2
AKRRVVQREKRGVGIGAVL	2
ATRRVVQREKRAVGTIGAMF	2
AKRQVVTREKRALGMGALF	2
AKRRVVEREKRDVTLGALF	2
AKRRAVEREKRAVGMGAVI	2
AKRRVVEREKRAMGLGALF	2
AKRRVVEREKRVAGLGAVF	2
AKRRVVQREKRAVGMLGVMF	2
SKRRVVEREKRAVTFGAMF	2
IARPVIGTSTHREKRAVGLGMLF	2
AKRRVVEREKRAAGVGAVL	2
AKRRVVEREKRAIIGLGAVF	2
AKRRVVEREKRAVGIAAVF	2
AKRRVVEKEKRAVGIAAVF	2
SKRRVVERQKRAVGMGAVI	2
ARRRVVKVEKRAAGIGAVL	2
AKRRVVGREKRAVTLGAVF	2
AKRRVVEREKKAVGIGAVF	2
AKRRVVEKEKRA-ALGAVF	2
AKRRVVEKEKRAVGMGAVL	2
AKRRVVEREKRAVGVGALF	2
AKRRVVGREKRAVPLLGAVF	2
AKRRVVEREKRAVTLGAVL	2
AKRRVVDREKRAVVGIGAMI	2
AKRRVVGREKRAVFGIGAVL	2
ARRRVVQRERRAVGVGALL	2
AKRRVVQREKRAVGIGVMI	2
AKRRVVQREKRAVGTLGAXF	2
AKRRVVQREKRAVGLGXFF	2
AKRRVVQXPREKRAVGLGALF	2
AKRRVVQREXRAVGLGALF	2
AKRRVVQREKRAV-LGAVF	2
AKRRVVSREKRAVGLGAMF	2
AKRRVVEREKRAVGLEAVF	2
AKRRVVKRERRAVGIGAVF	2
ARRRVVERXKRAVGIGAVL	2
ARRRVVEKEKRAVGLGAVF	2
AKRRVVDKEKRAVGIGAVF	2
AQRRVVQRERRAVGIGAVL	2
AKRRVVQREKRAITIGVMF	2
AKRRAADREKRAVGIGAML	2
ARRRVVRREKRA-ALGAVF	2
AKRRVVEREKRAAGLGAFF	2
SKRRVVEREKRAVGMGAVL	2
AKRRVVEREKRAVGIGALL	2
AKRQVVGRQKR--GLGAVF	2
ARRRVVQREKRAVGIGALI	2
PKRRVVEREKRAVGIGAVF	2
PKRRVVEREKRAVGIGAMI	2
AKRQVVEREKRAVGIGAVF	2
AKRRVVEREKRAIAIGTMI	2
AKRRVVQREKRAVGIGALI	2
AKRRVVQRERRAVGLGAML	2
AKRRVVQREKRAVALGALF	2
AERRVVEREKRAVGIGAVF	2
AKRVVVGRGKRAVGIGAVL	2
ARRRVVQREKRAAGFGAML	2
ARRRVVQREKRAAVGIGALL	2
ARRRVVDRPKRAVGIGAMI	2
AKRRVVDREKRAVVGLGAVF	2
AKRRVVQREKKAIGIGAMF	2
AKRRVVQRERRSITLGAMF	2
AKRRVVQREKRAVGIGAVS	2
AKRRVVQREKRGVGLGAMF	2
ARRRVVEREKRAVGLGAFL	2
ARRRVVQREKRAVGIGAML	2
AKRRVVAREKRAVGIGAVI	2
AKRRAVEREKRAIGLGAMF	2
TRRRVVGRKKRAVGLGAVF	2
AKRRVVERGKRAIGLGAMF	2
AKRRVVQRKKRAVGIGAMF	2
AKRRVVEREERAVGIGAVF	2
AKRRVVEREKRAVIGIGAAL	2
ITRPVISTHREKRAVGLGMLF	2
IARPVISTGTHREKRAVGLGMLF	2
ATRPVIGTGAHREKRAAGLGMLF	2
ARRRTVQREKRA-AIGAMI	2
ARKRVVQREKRAVGIGAMF	2
AKRRVVQRERRAVGMGAVL	2
ARRRTVQREKR-VAIGAML	2
ARRRVVGREKRAIGLGALF	2
ARRRVVEKEKRAIGMGAMF	2
AKRRVVEREKRAIVGMGAVF	2
AKRRAVERGKRAVGIGAVF	2
AKRRVVERVVEREKRAVGMGAVL	2
AKRRVVEREKRAAAIGALI	2
AKRRVVERGKRA-AIGALI	2
AKRRVVEKEKRA-AIGALI	2
AKRRVVERQKRAVGLGAMI	2
ARRRVVQREKRAVGIGTMI	2
ARRRVVKREKRAVVGIGAVF	2
AKRRAVQREKRAITLGAVF	2
AKRRVVQGDKRAVGTLGAMF	2
AKRRLVQREKRAVGMLGAMF	2
AKRRVVEREKRAIGLGLMF	2
ARRRVVEREKRAIGIGAAFF	2
ARRRVVEREKRAVGVGALL	2
ARRRVVGREKRE--IGAVL	2
AKRRVXEREKRAVGIGAMI	2
AKRRVVERQKRAVGIGAVI	2
AKRRVVEREKRAXGXGAXF	2
ARRRVVQRETRAVITIGAMF	2
AKRRVVQREKRAAVGMGAVF	2
AKRRVVEKHKRAVGIGAVI	2
ARRRVVQREKRAIGMVGAVF	2
ARTTVVQREKRAMGTIGAMF	2
AKRRVVQREKRAVGTIGAMS	2
AKRRVVERGKRAVVGIGAVL	2
ARRIVVGREKRAVGLGAVF	2
ARRRVVRREKRAVTMGAVF	2
AKRRVVEREKRGVGMGAVF	2
ARRRVVEREKRAVTIGAVF	2
AKRRVVRREKRAVGTIGAMF	2
AQRRVVQREKRAVGMIGAMF	2
AKRRVVQRERRAVGMGALF	2
AKRRVVQREKRAIGAIGAVF	2
AKRIVVQREKRAVGLGAVF	2
AKRRVVQREKRA-ALGVIF	2
AKRRVVQREKRSV-LGAMF	2
AKRRTVQRDKRAIGIGALF	2
AKRRTVQREKRAAGIGALF	2
ARRMVATREKRAVGIGAVL	2
AKRRVVQRAKRAVGMGAVL	2
AKRQVVQREKRAVGMGAMF	2
IARPVISTRTHREKRAVGLGMLF	2
PKRRVVEREKRA-ALGALF	2
TRRRVVEREKRAVGMGASF	2
AKRRVVQRDKRAIGTLGAMF	2
AKRRVVQRERRAVGMGAML	2
AKRRVVQREKGAVGTIGAMF	2
AKRRVVEREKRAMGMAAMF	2
AKRRVVEGREKRAVGMGAFF	2
AKRRVVEREKRAVGIGAVC	2
AQRQVVKREKRAAGLGLLL	2
ARRRVVGREKRA-ALGAMF	2
AKRRVVEREKRAIGGIGALF	2
ARRRVVQREKRAVGFGVLF	2
ARRLVVKREKRAVGMGAMF	2
AKRQVVKREKRAVGMLGAMF	2
ARRRVVGREKRAVGMGAFF	2
ARRRVVQRGKRAVGTIGAMF	2
PKRRVVQREKRAVGTIGAMF	1
ARRRVVQREKRAVA-GALF	1
ARRMVVQREKRAVGTLGAMF	1
AKRPVVQRGKRAVGIGAMI	1
AKRRVVQREKRAATLGVMF	1
ARRRVVQRERRA-ALGAMF	1
AKRRVVQREKRAVGMGTLI	1
AKRRVVQKEKRAVGVVGAMF	1
AERRVVQREKRAVTLGAMF	1
ARRRVVQREKRAVTFGAMF	1
AKRRVVQREKRSLTFGAMF	1
AKRKVVQRGKRAVGTFGAMF	1
AKRRVVQREKRAVGTIGAMV	1
AKRRVVQREKRAVGTLRAVF	1
AKRRVVQREKRAAGFGAVF	1
ARRRVVQREKRALTLGALF	1
SRRIVVGRQKRAVGLGAMF	1
SKRRVVTREKRAVGLGAVF	1
AMRRVVPVTRKMTVTREKRAIGVGALF	1
AKRTVVQREKRAVGLGAMF	1
AKRGVVQREKRAVGLGAMF	1
AKRRVVQREKRAAGJGAIX	1
AKRRVVQREKRAALGJXXLF	1
AKRRVVQREKRAIGFGAMF	1
AXRRVVQXEKRAVTMGALF	1
AKRRVVQREKRAXGXIGAXF	1
ARRKVVQKEKRAVGIGALF	1
ARRKVVQREKRAVGIGALF	1
GQGEEVVREKKAVGIGALF	1
ARRRVVQREKKAVGIGAFY	1
KRRHIGQRERKAVGIGAFY	1
RRRRVVQREKKAVGIGALF	1
AKRRVVQREKRAXIGIGAMF	1
ARRRVVXREKRA-ALGAXF	1
AKRRVXQREKRAVGLGALF	1
AKRRVVQREKRAVGIGXXF	1
AKRRVVQREKRAVGXGAVF	1
AKRRVVQREXRAVGTLGAMF	1
AKRRVVQREKRAV--GAVL	1
ARRRXVQREKRAVGLGALF	1
AKRRVVQREKRAVGMXGAMF	1
AKRRVVQREKRAVGJGALF	1
AKRRVXQREKXAVGIGAMF	1
AKRRVVQREKRAVGIGVXF	1
AKRRVVQREKRAVGJGAXF	1
AKRRVVQRXKRAVGLGAMF	1
AKRRVVQREKRAVGTLGVXF	1
AKRRVVPREKRAIGLGALF	1
AKRGVVRREKRAVGLGAVF	1
AKRRVAQREKRAVGIGAMF	1
AKRRVVQREKRAVTIGATF	1
AKRRVVQRGKRAVGTIGTMF	1
ARRRVVQRENRAVGTFGAMF	1
ARRRVVQREKRAVGTGTFGAMF	1
AKRRVVQREKRAVGYGALF	1
VKRRVVEREKRAVGIGAVF	1
ARRIVVERGKRAVGMGAVF	1
AKRRVVQREKRAMGTLGAMF	1
AKRRVVEREKRAMGLGAVF	1
AKRRVVERGKRAVGMGAMF	1
AKRRVVEKEKRAVGMGAMF	1
AKRRVVEREKGAVVGLGAVF	1
AKRRVAEREKRAVGLGAML	1
AKRRVVRREKRAVGIGAAF	1
AKRRVVEKEKRAIGIGAVF	1
AKRRVVERGKRALGLGAVF	1
AKRRVVQRKKRALGFGALF	1
AKKRVVQREKRALGFGALF	1
AKRRV---EKRALGFGALF	1
AKRRVVQREERAVEFGAMF	1
AKRRAVQREKRAVGFGAMF	1
AKRRVVEREKRAIAGLGAVF	1
AKRRVVEREKRALGLGAMF	1
ARRRVVEREKRAIGGIGAVF	1
AKRRVVEREKRAV------	1
AKRRVVEREKRAAGMGAVL	1
AKRGVVEREKRAVGMGAVL	1
AKRRVVGREKRAAGLGAVL	1
AKRRVVEREKRTAGLGAML	1
AKRRVVEKEKRAAGLGAML	1
AKRRVVRRKKRAIGLGAVF	1
AKKRVVQREKRAIGLGAVF	1
AKRRVVQREKRAVRLGAVF	1
TKRRVVQREKRAVGLGALF	1
AKRRVVQGEKRDLGLGALF	1
AKRRVVQRKKRDMGLGALF	1
AKRRVVQREKRDIGLGALF	1
AKRRMVQREKRDMGLGALF	1
AKRRVVQREKRDMGLRALF	1
AKRRVVQGEKRAVTLGTML	1
AKRRVVEREKRAVEVVGAMI	1
AKRRVMEREKRAVGVVGAMI	1
AKRRVVERKKRAVGVVGAMI	1
AKRRVVEREKRAVGVVGAII	1
AKRRMVEREKRAVGVVGAMI	1
AKGRVVEREKRAVGVVGAMI	1
AKRRVVERQKRALGIGAMV	1
AKRKVVERQKRALGIGAMF	1
AKRRVVERQKRALGIGAMS	1
AKRRMVERQKRALGIGAMF	1
AKRRVAERQKRALGIGAMF	1
VKRRVVERQKRALGIGAMF	1
AKRRVVERQRRALGIGAMF	1
AKRRMVQREKRAFGLGAVF	1
AKRRVVQREKRAFELGAVF	1
AKRRVVQREKRAFGLEAVF	1
AKRKVVQREKRAFGLGAVF	1
AKRRVVQREKGAFGLGAVF	1
AKRRVVERQKRAVMGIGAVI	1
AKRRVVGRQKRAVVGIGAMI	1
AKRRVVGRQKRAVGIGAVF	1
AKRRVVGRQKRAVGIGAVL	1
AKGRVVERQKRAVGIGAVF	1
AKRRVVERQKRAVRIGAVF	1
AKKRVVERQKRAVEIGAVF	1
AKRRVVEIQKRAVGIGAVF	1
AKRRVVERQKRAVGTGAVF	1
AKRRVVEREKKAVGLGAVL	1
AQRRVVQREKRAAGL--MF	1
AKKRVVQREKRAVGMIGAMF	1
ARRRVVEREKRAVEIGAMI	1
ARRRVVQRGKRAVTLGAMF	1
TKRRVVQRERRAVGLGAMF	1
AKRRVVRRERRAVGLGAMF	1
AKRRVVQRERRAVGLGTVF	1
AKRRVVQRERRAVGLGTMF	1
VKRRVVQRERRAVGLGAMF	1
AKRRVVLRERRAVGLGAMF	1
ANRRVVEREKRAVGIGAVF	1
AKSRVVQREKRAVGVLGAMF	1
AKKRVVQREKRAVGVLGAMF	1
ARRRVVEREKRAIGLEAAF	1
SKRKVVGREKRAVGIGAVL	1
AKRRMVQREKRAVRIGAVF	1
AKRRVVQREKRAVGIGTVF	1
AKRREVQREKRAVGIGAVF	1
AKRRVVQREKRAVGIRAVF	1
AKKRVVQREKRAVGIGAVF	1
AQRRVVKRDKRAVGMGALF	1
AKRRVVQRGKRAVGMGAVL	1
AKRRVVQRDKRAVGMGAVL	1
AKRRVMQKEKRAVGIGAVF	1
AKRRVAERERRAVGIGAVF	1
ARRRVVRREKRAVGIGAVF	1
ARRRVVERGKRAVGVGAVF	1
ARRRVVKREKRAVP-GLFF	1
AKRRVVKREKRAIGLGALF	1
ARRRVVGREKRAVGFGAVL	1
AERRVVQREKRAIGGLGALF	1
AKKRVVQREKRAVGMLGAMF	1
AKRRVVEREKRAVFGMGAVF	1
AKRRVVERTKRAVGIGAVF	1
ARRRVVGREKR--GIGAVF	1
AKRRVVKEQKRAVGLGAAF	1
ARRVVVEGPKRPKRAVGIGAVF	1
AKRRVVQREKRGIGIGAMF	1
AKRRVVQREKRALVGFGALF	1
ARRRVVEREREKRAIGLGAMF	1
AKRRVVEREKRGIGMGAVF	1
AKRRVLQREKRAVGTLGAMF	1
TKRRVVQREKRAAGLGALF	1
AKRQVVRREKRAVGMGAVF	1
AQRRVVKRQKRALGMGAMF	1
AKRRVVQGEKRAAGLGALF	1
TKRRVVQREKRAVGIGALF	1
AKRRVVQKEKRAVTLGAMF	1
AKRRVVQRERRAVGVLGAMF	1
AKRRVVQKEKRAIGTIGAMF	1
AKRRVVQRDKRAAIGLGALF	1
AKRRVVQREKRAIMGMGA-F	1
AKRRVVQRERRAVGVGAMI	1
AKRRVVQREKRAVRVVGAMI	1
AKRRAVQREKRAIGGIGAMF	1
AKRRAVQREKRA-AIGALF	1
AKRRVVQREKRAIGELGAVF	1
ARRRVVQREKRAVGTFGALF	1
AERRVVQREKRAVTLGAVF	1
AKRRVVEREKRAVTLGMMF	1
ARRRVVEREKRAIGLGTVL	1
AKRRVVQREKRAIGVGAMF	1
AKRRVVEREKRALGMGAVF	1
AKRRVVQRGKRAVVGIGAVF	1
AKRRVVKRERRAVVGIGAVF	1
AKRRVVEREKRGATLGAVL	1
AKRRVVEREKRDVGIGAVL	1
AKRRVGQREKRAVGIGAVF	1
ARRRVVQREKRAMGLGALL	1
ARRRVMQREKRAAGLGALF	1
ARRRMVQREKRAVGLGALF	1
ARRRVVQREKRALGGLGAMF	1
ARRRVVQREKRGV-LGAMF	1
AQRRTVQREKRAVGLGALF	1
ARRRVVQREKRAIGIGAMF	1
AKRKVVERERVKRAVGLGAVF	1
AKRNVVQREKRAVGIGVVL	1
AQRRVVERVKRAVGIGAVF	1
AKRRVVERQKRAVGVGAMI	1
AKRRLVGKEKRAVGIGAVL	1
ISRPVIGTRTHREKRAVGIGMLF	1
ARRRVVEREKRAIGLGAML	1
AKRRAVHRDKRAVGLGAVF	1
AKRRVVEREKRALGIGAMI	1
AKRRVVEREKRAVGFGAMF	1
ARRRVVQREKRAVGALGAML	1
AKRRVVQREKRAVGPGALF	1
AKRRVVQREKRAVGLGAAF	1
AKRRVVQREKRAV-LGALF	1
ARRRVVQREKRAV-LGALF	1
ARRRVVQREKRAVGLGAVX	1
ARRRVVMREKRAVGLGAFF	1
ARXQVVXREKRAVGMGALF	1
AKRRVVEREKRAXGLGXVVF	1
AKRRVVQREKRAVGXLGAMF	1
AKRRVVQREKRA-AXGAMF	1
ARRRVVKREKRAVRIGAMI	1
AKRRVVERDKRA-ALGAVF	1
ARRRVVNRERRAVGIGAMI	1
AQRRVVSRERRAVGIGAMI	1
ARRRVVGKEKRAVGLGAVF	1
AKRRVVQREKRAAGIGAMF	1
AKRRTVQKEKRAVGIGAVF	1
AKRRVVKREKRAVGLGAMF	1
AKRRVVEREKRAVSIGAVF	1
ARRRAVEREKRAVGIGAVF	1
AKRRVVGREKRAIVGLGAVF	1
AKRRVVQREKRALGVLGAMV	1
AQRRAVQRERRAVGFGAVL	1
AKRRVVQREKRGLGLGAVF	1
AKRRVVEREKRGVGIGAVF	1
AKRRVVQREKRELGTIGAMF	1
AKRRTVTREKRAVGMGAVF	1
AKRRVVEREKRAVGFGALL	1
ARRVVVKREKRAVGLGAVF	1
AKRRVVEREKRAV--GAVF	1
AKRPVVKRDKRAVGVGAVL	1
ARRRVVGREKRAVGMAAVF	1
AKRQVVERKRRAVGLGAVF	1
AKRRAVQREKRAIGFGALF	1
AKRQVVKREKRAAGMGLLF	1
AKRQVVKREKRAAGIGLLF	1
AKRPVVKREKRAVGIGAMF	1
AKRQVVRRERRAVGLGALF	1
AKRRAVQREKRAVGIGAVL	1
ARRRVVDRQKRAVGIGALI	1
ARRRVVGREKRAVGIGAMI	1
AKRRVVDRQKRAVGIGALI	1
ARRRVVERPKRAVGIGAMI	1
DVEREKRREKRAVGIGAMI	1
AKRRVVEREKRAIGLGAVI	1
AKRRVVEREKRA-AFGAVF	1
AKRRVVEREKRA-AFGAIF	1
AKRRVVEREKRAIGMGAFV	1
AKRRVVEREKRAIGIMGAVF	1
ARRRVVAREKRAVGMGALF	1
ARRRVVQREKRAVGLMGALF	1
ARRRVVQIEKRAVGMLGAMF	1
ARRRVVQREKRAVGMVGAIF	1
AKGRVVEREKRAIGLGAMF	1
ARRTVVQREKRAVGTLGAMF	1
ARRRMVQREKRAVGLLGAMF	1
AKRRVVQREKRAVGMIGALF	1
ARRRLVQREKRAVGMIGALF	1
ARRRVVQGEKRAAGLGALF	1
AKRRVVQREKRAVGLEALF	1
ARRRVVXREKRAVGIGAVF	1
AKRRVVEKKKRAVGIGAVF	1
AWRRVVQREKRAVGIGALF	1
AKRRVVQRQKRA-AFGALF	1
AERRVVQREKRAVGLGALF	1
ARRRVVERGKRAVGLGAVI	1
AKRRVVQREKRAVGFGVLF	1
AKRRVVQGEKRAIGVGALF	1
AKRRVVQMEKRA-ALGAAF	1
AKRRVVERERRAVGLGAVF	1
AKRRVGEREKRAVGIGAVL	1
ARRRVVQREKRAVRIGALF	1
AKRRVVQREKRAIGLGAIF	1
ARRRVVQKEKRA-ALGAMF	1
AKRRVVQREKRGVTFGTLL	1
ARRKVVQREKRAVGLGALF	1
AKRRVVQREKREVTFGALL	1
ARRRVVQREKRA-AIGAVL	1
AKRRVVQREKRAV-IGAML	1
AKRRVVQREKRAVGTIGVMF	1
ARRRVVQXEKRAITLGAAF	1
AKRRVVDRQKRAAGIGAMI	1
AKRRVVDRQKRAVGIGAII	1
AKRRVVDRQKRAVGIGTMI	1
AKRRVVQREKRAVGVLGALF	1
AKRRAVRREKRAVGIGAVF	1
ARRRVVERQKRAXGLGXAI	1
ARRRVVGREKRAXGLGXAX	1
AXRRVVEKRQKRAIGLGAAF	1
AKRRVVXREKRAIGLGAAF	1
AKRRVVEREKRAVIGLGAAF	1
ARRRVVGREKRAXGLGAAL	1
ARRRVVERZKRAIGLGTAF	1
AKRRVVEREKRAVGIGAAL	1
AKRRVVQREKRAIGLLGAVF	1
ARRRVVXREKRAVGLGVAF	1
ARRRVVXREKRAIGLGVAF	1
ARRRVVEREKRAVGLGVAF	1
ARRRVVEREKRAVGLGVAL	1
ARRRVVXREKRAVGLGAAF	1
AXRRVVGREKRAIGLGAAF	1
AXRRVVERAKRAVGLGAVX	1
ARRRVVGREKRAIXLGAAF	1
ARRRVVERZKRAIGLGAAF	1
AKRRVVEREKRAALGGLGVAL	1
AKRRVVEREKRAVGIGAVX	1
AKRRVVEREKRTVGLGAMI	1
ARRRVVQKEKRAVGLGAVF	1
AKRRVVQREKKAGGLGAMF	1
AKRRVVQKEKRAV-IGAMF	1
AKRRVVQREKRELTLGAMF	1
AKRRMVQRERRAVGLGALF	1
AKRRAVQRERRAVGIGALF	1
AKRRVVQREKRGIGIGALF	1
AKRRVVLREKR-VALGALF	1
AKRRVVQGEKRA-ALGALF	1
ARRRVVQREKRGITLGALF	1
ARRRVMQREKRAVGLGALF	1
ARRRVVQGEKRAVGTIGAMF	1
ARRRMVHREKRALGTLGTMF	1
ARRQVVRRERRAVGIGAXF	1
AKRRVVQREKRVGVLGAMX	1
AKRXVVTREKRAAGIGALF	1
ARRRVVQREKRVGALGAVF	1
XERRVVXRXKEIGXVGAVL	1
AKRRVVQREKRIGGIGAVL	1
AXRRVVQREKRAVGLGAMF	1
ARRLVVRREKRAVTLGAMF	1
AKRQVVRSKRAAVGLGALF	1
AKRQVVRREKRAAGLGALF	1
ARRRVVQREKRVGTLGAMF	1
AKRIVVTREKRAVGIGAVI	1
AKRRVVERGKRAVGMAAVF	1
ARRRVVQREKRA-AFGAIL	1
ARRRVVEREKRAIGMGAAFF	1
AKRRVVXREKRAAGLAAVF	1
ARRRVVKKEKRAVGIGAVF	1
AKRRVVEREKRAVGIGAAI	1
AKRRVVERQKRAMGIGAMF	1
AKRRVVERQKRAAGIGAMF	1
AKRRVVERDKRAVGMGAVL	1
AKRRVVEREKSAVGIGAVF	1
AKRRVVAKKKRAVEIGAVF	1
SRRRVVKREKRAVGIGAVF	1
AKRRVVEKRMVEREKRAVGIGAMI	1
AKRRVVEREKRAVPIGAMI	1
AKRRVVQIEKRAVGIGAMI	1
AQRRVVEMRHKRAVGIGAMI	1
AKRRVVERZKRAVGIGAMI	1
AKRRVVERERRAVGIGAMI	1
AKRRVVAREREKRAVGIGAMI	1
ARRRVVNNREKRAVGIGAMI	1
AKRRVVERZKRAVGLGAMI	1
ARRRVVKIEKRAVGIGAMI	1
ARRIVVKREKRAVGIGAMI	1
ARRRVVNNKEKRAVGIGAMI	1
AQRRVVQREKRAVTLGAVL	1
ARRRVVQREKRIGTLGAMF	1
AKRRVVQREKRALGFGAVF	1
AQRMTVGRGKRAVGLGAVF	1
ARRPVVRREKRAVTLGAMF	1
ARRRVVGREKRAVGIGAAI	1
ARRRVVEIENRREKRAVGIGAMI	1
AKRQVVRREKRA-GIGALF	1
SRRRVVEREKRAISGLGVAF	1
ARRRVVEREKRGIGLGAAF	1
AKRRVVEREKRAFGIGAVF	1
AKRRVVERGKRAVGMGAIF	1
ARRRVVXREKRAIGGLGAVF	1
AKRRVVERQKRTIGIGAVF	1
ARRRVVEREKRAIG-GAVF	1
ARRRVVEREKRAIG-GAXF	1
AKRRVVEREKRAVTLGAXF	1
AKRRVVEREKRAIGFGAXF	1
AKRRVVKREKRAFGMGAVL	1
AKRRVVKRGKRAIGIGAVL	1
AKRRMVQREKRAIGIGAVL	1
ARRRAVGREKRAEGIGAVF	1
ARRRTVGREKRAVGVGAVF	1
ARRRVVEREKSPXLIGAVF	1
ARRRVVEREKSPKFLGAVF	1
AKRQVVKREKRTVGLGAVF	1
AKRRVVEREKRAAGLGVFL	1
AKRRVVQREKRAVGLGACS	1
GKKKSGAERKRDLGLGALF	1
ARRRVVQREKRAVGTDRMF	1
AKRQVVTRERRA-AVGLFF	1
ARRRVVQREKREVGTFGAMF	1
AKRRVVQREKR--GIGVML	1
AKRRVVQREKR--GLGVAF	1
AKRRVVQREKRAIGLRAMF	1
AKRRVVRREKRA-ALGAVF	1
AKRRVVEREKRAVGTIGAMF	1
SKRRVVQREKRTVGTLGAMF	1
AKRRVVQREKRAVGMAAVL	1
AKRRVVQREKRRAAVGALF	1
AKRRVVEREKRRAALGAVF	1
ARRQVVRRERRAXGIGAVF	1
AKRRVVQREKRAVGMTAVL	1
AKRRVVQRERRAVGLGAXF	1
AKRRVVQKDREAAGLGALF	1
AKRRVVQRERRAIGLGAMF	1
AKRRVVQREKRRAAXGAXF	1
ARRRVVQREKRLGTFGALF	1
AKRQVVTREKRVGVIGAMF	1
ARRQVVRREKRAVTLGAMF	1
AKRRVVQREKRVGALGAVF	1
AKRRVVNREKRAVGMGAMI	1
AKRRVVQREKKA-ALGAMF	1
AKRRVVERE-RAVGIGAMI	1
ARRRVMQRDKRA-ALGAVF	1
AERRVVEREKRAVGIGAMI	1
AKRRVVQRDKRA-ALGALF	1
AKRRGVEREKRAVGIGAVF	1
AKRRVVEREKRAVTGIGAVF	1
ARRTVVHKEKRAVGTTGAMF	1
AKRRVVAKMMDRQKRAVGIGAMI	1
AKRRXVNREKRAVGIGAMI	1
AKRRVVEREKRAVGLGTLI	1
AKRRVVQREKRTVGIGTMI	1
ARRRVVEREKRAVGIXAVL	1
AKRRVVERKKRAVGLGALI	1
AKRRXVERQKRAVGIGAMI	1
AKRRVVEKQKRAVRLGAMI	1
ARRRVVEREKRTVVGIGAVF	1
AKRRVVGRGKRXAGIGAVF	1
ARRRGVQREKRAIGIGAAAF	1
AKRRVVQXEKRAVGLGALF	1
AKRRVVQREKRAVGLGALX	1
AKRRVVRREXRAVGLGALF	1
AKRRVVQRZKRAVGLGALF	1
AKRRVVQREKRAV--GALF	1
AERRVVQREKXAVGLGALF	1
ARRRVVGREKRAAGIGAVF	1
AKRRVVQREKRAAGMAALF	1
ARRRVVAREKRALGIGAVL	1
AKRRVVQREKRELGTFGALF	1
AKRRVVEREREKRAVGXGAMI	1
AKRRVVEREKRAVGLGTMX	1
AKRRVVEREXRAVGLGTMI	1
AKRRVVEKEKRAVGLGAMI	1
ARRRVVDREKRAVGIGTEF	1
ARRRVVKRGKRAVGLGAVF	1
AKRRVVEKEKRAVVGMGAVF	1
AKRRVVQREKRVVGIGAVF	1
AKRKVVEREKRAVGLGAVF	1
AKRQVIGRQKR--GLGAVF	1
AKRXVVEREKRAVGIGAMI	1
AKRRVVDREKRAVGIGAII	1
AKRRVVNRERRAVGIGVMI	1
AKKRVVNRERRAVGIGAMI	1
AKRRVVNKERRAVEIGAMI	1
AKRRVVNREKRAVEIGAMI	1
AKRRVVNREKRAVGIGAII	1
AKRRVVNREKRAVRIGAMI	1
AKRRVVEREKRAVELGAVF	1
AKGRVVEREKRAVGLGTVF	1
AKRRVLERQKRAVGIGPVF	1
AKRQVVQRKKRAVGIGALL	1
ARRQVVRREKRAVGMTAVF	1
AKRQVVQREKRETVVGIGALF	1
AKRRVVQREKRSVGIGALF	1
AKRRVVNREKRAVGLATMI	1
AQRRVVKREKRAVVGMGAVF	1
AKRRVVGRKKRAVGLGAVF	1
AKMRVVEREKRA-AFGAMF	1
AKRRVVEREKRGVGLGAVF	1
ARRIVVQREKRPVGTLGAMF	1
ARRRVVERGERAVGIGAMI	1
AKRRVVQREKRAMGFGAVF	1
AKRRVVQREKRAXGIGAMF	1
AKRRVVQKEKRAAGIGAFF	1
ARRRVVQGEKRAVGIGAMF	1
AQRRVVQRKKRAVGLGALF	1
ARRRAVERGKRAVGVGAVI	1
AKRRAVERGKRAVGIGAVI	1
AKRRAVEREKRAVGVGAVI	1
AKRRVVERGKGAVGVGAVI	1
ARRRVVERGKRAVGVGAVI	1
AKRRVVEREKRA-ALGALL	1
AKRRVVERGKRAV-LGALL	1
AKRRVVEREKRAVGILGAMF	1
AKRRVVEREKRAVGMLGAMF	1
AKRQVVRREKRAVGLGAMF	1
ARRRVVGRDKRAVGLGAVF	1
ARRRVVAREKRAIGLGAMF	1
ARRRVVEREKRAVGI----	1
ARRRVVEREKRAVGMRAVF	1
AKRRVVQREKRAV------	1
ARRRVVERGKRAFGMGAVL	1
AKRRAVEREKRAVGIGAVI	1
AQRRVVEKQKRAVGMGAVF	1
AKRRVVDKEKRAIA-GAVF	1
AKRRVVNREKRAVGVAAVF	1
AKRRVVERGKRAAGLGAVL	1
SKRRVVGREKRAVTFGAMF	1
AKRQVVHREKRAVGMGALL	1
AKRQVVQRERRAVGMGALF	1
ARRRVVGREKRAAGIGALL	1
ARRRVVGREKRAIGGLGAFL	1
AKRRVVEREKR--GLGAVL	1
AXRRVVXREKRAVGLGAXX	1
ARRRVMGREKRAVGLGAVF	1
AKRQVVTRERRAVGLGAWF	1
AKRRTVQREKRAVGMGALF	1
ARRRAVDREKRAVGIGAMI	1
AKRQVVTRQKRAVGIGALF	1
ARRPVVSREKRAAGIAALF	1
GRRRVVGREKRAVGLGAVF	1
ARRRVVGREKRAV-LGAVF	1
GRRRVVEREKRAVGLGAVF	1
AQRRVVQREKRAVVGLGAMF	1
ARRRVVEREKRAIGLGAFF	1
AKRRVVQREKRAIGTLGAIF	1
ARRPVVQREKRAIGGIGALF	1
AKRRVVEREKRAVTIGTMI	1
AKRRVVEREKRAXGLGVAF	1
XRRRVVEREKRAVVGLGAAF	1
ARRRVVERNKRAVVGLGAAF	1
ARRRVVERXKRAIGLGAAF	1
AXRRVVXREKRAIGLGXAF	1
ARRRVVEREKRAVFGLGAAF	1
AKRRVVZRZKRAIGLGAAF	1
ARRRVVAREKRAIGLGAAF	1
AQRKVVKREKRAIIGLGAAF	1
AKRRVVERERQKRAVGLGAVF	1
AKRGVVQRGKRAVGIGAVF	1
ARRRVVEREKRAIGMGALF	1
ITRPVVGTSTHRGKRAVGLGMLF	1
IARPVIGTGTRREKRAVGLGMLF	1
ARRRVVAREKRALGGLGAVF	1
AKRRVVEREKRAVTLGALF	1
ARRRVVQREKRAMGIGAVL	1
ARRRVVGREKRAVVGLGAFF	1
ARRQVVRREKRAVGIGAML	1
AKRITVGRGKRAAGLGAFF	1
AKRRVVEREKRAIGLGAFF	1
AKRRVVERDKRAAGLGVVF	1
AKRRTVGREKRAVGLGAVF	1
ARRRVVQRVVQREKRAISGMAAVF	1
AKRRVVQREKRAVGMGVLL	1
AKRRVVQREKRAVGVMGTMF	1
AKRRVVQREKRGMTLGAMF	1
AKRRVVQRQKRAIGTLGAVF	1
AKRRVVQREKRAIIGMGAMF	1
AKRRVVQREKRAAIGLGAVF	1
AKRRVVQREKRAVGAGXVL	1
AKRRVVQREKXAVGAGAVL	1
AKRRVVPREKRGVGAGAVX	1
ARRRGVQREKRAVGLGALF	1
ARRRVVQREKRAVGVGALF	1
AKRRVVQREKRAMGMIGAMF	1
AKRRVMQREKRAVGLGALF	1
AKRRVVRREKRA-AIGAMF	1
AKRRAVQREKRAVTMGAVF	1
AKRRVVQRKKRAI-IGAVF	1
AERKVVQRKKRAVGIGAMI	1
AKRRVVQREKRAVGFGAPF	1
AKRRVVEREKRAIRLGAAF	1
AKRRVVGKEKRAIGLGAAF	1
AKRRVVEREKRAMGLGAAF	1
AKKKVVEREKRAIGLGAAF	1
ARTPMVLIEKRAVGTLGAMF	1
AKRIVVEREKRAMGLGVIF	1
AKRSVVQREKRAVGTLGAMF	1
ARRLVVEREKRAVGIGAVI	1
ARRRVVQREKRDLGLGALF	1
AKRRVVQREKRAVVTAGAMF	1
AKRQVVTREKRAVGMAAVI	1
AKRRVVEREKRAVEMGAVF	1
AKRRVV-------GIGAVF	1
AKRRVVEREKRAVEIGAMF	1
AKRKVVEREKRAMGIGAVF	1
AKRRVEEREKRAVGIGAVF	1
AKRRVVEREKRAVGIGAVIGAVF	1
AKRRVVEKEKRTVGIGAVL	1
AKRRVVEKKKRAVGIGAVL	1
AKRRVVGKEKRAVGIGAVL	1
AKRRVVEREKRAVTIGAVL	1
AKRRVVDREKRAVGIGALF	1
AQRRAVEREKRAVGIGAVI	1
AKRRVVEREKRA-AIGIML	1
AKRKVVEREKRAIGLGAMF	1
AKRRVVDREKRAIGLGAVF	1
ARRGVVEREKRAVGIGAVF	1
AKRHTVGREKRAAFGLGALF	1
AKRRVVTREKRAVVGIGAMI	1
AKRRVVAREKRAVGIGTMI	1
AKRRVVSREKRAVGLGVMI	1
ARRRVVQREKRAVGIRAVF	1
AKRRVVQEEKRAVGIGAVF	1
AQRRVVQRERRAVGIGAMF	1
ARRRVVQRERRAVGTLGAMF	1
AKRIVTQREKRAVGTLGAMF	1
ARRRVVERKKRAVGIGAMF	1
ARRRVVEREKRAVRMGAMF	1
ARRRVVEREKRAVGMGTVF	1
AKRXVVQREKRAAGLTALF	1
AQRRVVQREKRAVGALGAMF	1
AKRKVVQREKRAVTFGALL	1
AKRRVVQGEKRAVGTIGAMF	1
AXRRVVQREKRAVTIGAMF	1
ARRRVVEREKRAVTLGALF	1
AKRRVVERDKRAVGFGAVF	1
AKRRVVERPRRAVGLGAVF	1
AKRRVVGREKRA-AIGAMI	1
ARRRVVQREKRAVIGLGAVF	1
AKRIVVEREKRAVGMGAVL	1
AKRRVVEREKRKIGTIGAVF	1
AKRRVVERKKR--GIGAVF	1
AKRKVVEREKR--GIGAVF	1
AKRRVVEGEKRAVVGLGAAF	1
AQRRVVTREKRAVGIGAMI	1
AERRVVQREKRAVGIGALI	1
AKRRVVEKEKRAALGGMGAVL	1
AKRRVVEREKRAVLGGMGAVF	1
AKRRMVQREKRAVGTIGAMF	1
AKRRVVEREKRAVGFGALF	1
AKRRVVEREKRAVVGMAAVF	1
ARRMVVQREKRA-ALGAVF	1
AKRRVVGRDKRAVGIGAVF	1
ATKTVMLREQRVMRTGAVF	1
AQRRVVGREKRAATLGALF	1
ARRRVVEKQKRAVGMGAVI	1
AKRRVVGREKRAVGLGAMF	1
ARRQVVPRQKRA-AIGAIF	1
AKRVVVKREKRAVGVLGAMF	1
ARRRVVEREKRA-ALGAMF	1
AKRRVVEREKRTV-LGAAF	1
AKRRVVEKQKRAVGLGAMF	1
AKRRVVQREKRAITVGAMF	1
ARSTVVERETIAVGLVAVV	1
ARRRVVKREKRAATLGVMF	1
DMRRVVQIQKRAELLRALL	1
AERKVVRREKRAVTLGAVF	1
AKRRVVRRKKRAVTLGAVF	1
AKRRVVQREKRAMGFGAMF	1
AKRRVVQREKRAVGIIGAVF	1
ARRQVVQREKRAATMGLFF	1
AKRQVVRREERAVGLGALF	1
ARRQVVQREKRA-ALGLFF	1
AKRQVVRREKRA-GLGALF	1
AKRRVVQREKRAVGMIGAIF	1
AKRRVVQREKRAIGTVGAMF	1
ARRRVVQREKREVGMLGAMF	1
AKRRVVQRXKRAVGIGALF	1
AKTRLLQRDKRAVGIGSVF	1
AKRRVVEKEKRAVTLGALF	1
AKRIVVHREKRAFRFGSMF	1
AKRRVVQREKRALGTLGAVF	1
ARRRVVQREKRAVELGALF	1
AKGRVVEREKRAVGLGALF	1
ARRRVVGREKRAAGLGALF	1
AKRRLVEREKRAVGLGALF	1
AKRRVVERGKRAVGLGALF	1
AKRRVGEREKRAAGLGALF	1
AKRRVVERERRAAGLGALF	1
AKRRVVEREKRAAGLGTLF	1
AKRRVVEREKRVAGLGALF	1
AKRRMVEREKRAAGLGALF	1
AKGRVVEREKRAVGIGAMI	1
AKRSVVQREKRAVGMGAVF	1
AKRRVVEREKRAVA-GAMF	1
AKRRVVEREKRAVGQGAVF	1
AKRRVVKREKRAAGIGAVI	1
AKRQVVKRERRAVGIGAXF	1
AKRRVVEKEKRAVGIGALL	1
AKRRVVEKEKRAVGIGALF	1
AKRRVVERQKGAIGLGAMF	1
AKRRVVERQKRAIGLGARF	1
AKRRVVKRQKRAIGLGAMF	1
AKRRVVEREKRAAGIAAVF	1
AKRRVVEREKRAAEIGAVF	1
AKRRVVKKEKRAVGMGAVF	1
ARRRVVRREKRAVGMGALF	1
ARRRVVEREKKAVGIGALL	1
TKRRVVKREKRAVGMGAVF	1
ARRRVVEREKRAIGVLGAAF	1
ARRRVVQRERRAVGTLGALF	1
ARRRVVERQKRAVGMGAVF	1
AKRRVVQREKRA-ALGVWF	1
AKRRAVQREKRAIGMGALF	1
ARRRVVQREKRALGIVGAGL	1
AKRRVVEREKRAVSLGVAF	1
AQRRVVGREKRAIGLGVAF	1
AKRRVVQREKRAIGGLEALF	1
ARRRVVQRERRAITLGAMF	1
AKRRTVQREKRAVGTLGAMF	1
AKRRTVSREKRAVFGLGALF	1
AKRRVVERQKRTIGIGAML	1
ARRRVVEREKRAIGGXGAFF	1
AKRRVVEREKKA-ALGAVF	1
AKRRVVEREKRDLGLGAVF	1
AKRRVVTREKRAVGIGALF	1
AKRPVVRREKRAAVGIGAMF	1
ARRQVVKREKRAVVGIGAVL	1
AKRQVGTREKRAVGKAAVI	1
AKRQVVAREKRAGGKGAFF	1
AKRRVVQREKRAVGTIGGMF	1
SKRRVGQREKRAVTLGAMF	1
AKRRVVQREKRAVEMLGAMF	1
AKRRVGQREKRAVGIGAMF	1
AKRRVVQREKRAVGTIEAMF	1
ARRRVVQKEKRAVRTIRAMF	1
AKRRVVQREKRAVGTFRALF	1
AKRRVVQREKRAIGVLGAVF	1
SKRRVVEREKRAVGLGAMI	1
ARRRVVQREKRAVGVGAMI	1
AKRTVVKREKRAVGIGAVF	1
AKRRVVERNKKAVGIGAVF	1
AKRRVVEREKRAVGIGAXI	1
AKRRVVERPKRAVGIGAMV	1
AKRRVVEXEKRAVGIGAMI	1
AKRRVVERQKRAEGIGAMI	1
AKRRVVQREREKRAVGIGAVI	1
AKRRVXEREKRAVGIGALI	1
AKRRVVEREKRAVGTGAMI	1
ARRRVVQKEKRAVGIGAMV	1
AKRRVVQRERRAITLGAVF	1
ARRRVVQREKRAVGIIGAMF	1
AKRRVVQRXKRAVGTMGALF	1
AKRRVVQREKRA-AIRALV	1
AKRRVVEREKRAIAGIGAVF	1
ARRRVVQRERAEDSGNEAVL	1
ARRRVVQREKRAIGGLGAAF	1
ARRRVVEREKRAAGLGAVI	1
AKRREVQREKRAVTLGALF	1
AKRRVVQREKRAVEFGALF	1
AQRKVVQREKRAVGLGALF	1
AQRRVVRREKRAVGLGALF	1
AKRRVLQREKRAVGIGAVL	1
AKRRVVQREKRAIGIGAMI	1
AKRRMVQREKRAIGIGAMF	1
AKRRVVQRKKRAIGIGAMF	1
AQRRVVQREKRAIGIGAMF	1
AKRRVVRREKRAVTIGAMF	1
AKKRVVQREKRAVTMGAVF	1
AKRRVVQREKRAVTMRAMF	1
AQRRVVRREKRAVGIGAVL	1
AQRRVVAREKRAVGLGAVF	1
AKRRVVERGKRAIGIGAVF	1
AKRRVVEREKRAVGLGTVL	1
AKRRVVEKXKRAVGIGAVF	1
AERRKVVEREKRAVGJGAVF	1
AKRRVVQKEKRAVGLGAFF	1
AKRKVVEREKRAVVGLGAVF	1
AGRRVVERGKRAVGIGAVF	1
AKRRVVQREKRAVGIGAAS	1
ARREVVQREKRAVGIGALF	1
AKRRVVQKEKRAVGMAAVF	1
AQRRVVQREKRAVGMAAVF	1
ARRRVVQRDKRAVGMAAMF	1
AKRRVVEMERGRRAVGMGAVF	1
AKRRVVNKEKRAVGIGAVF	1
ARRRVVEREKRGALMGIGAVF	1
AKRRVVERQKRA-AFGAMF	1
AKRRVVEVKREKRAVTLGAVF	1
AKRRVVEREKRAVGVGAML	1
AKRQVVKRDKRAVGLGAVF	1
AKRKVVHRERRAVGLGAMF	1
AKRRVVHRERRAVGIGALF	1
AKRQVVTREKRAVGMGAMF	1
AQRQVVKREKRA-ALGVVF	1
AKRQVVKREKRAVGLLGAMF	1
ARRRVVQGEKRAVGIGAVL	1
AKRRVVQKERRAVGLGAMF	1
ARRRVVQRERRAVGLGAMF	1
AKKRVVQREKRAIGIGAVF	1
AKRRVVQGEKRAIGIGAVF	1
TKRRVVQREKRAVGTIGAMF	1
AKRRVVQREKRGVEIGAMV	1
AKKRVVQREKRGVGIGAMV	1
AKRRVVQRERRAAGLGVVF	1
AKRRVVQREKKGVTLGAMF	1
AKRRVVQREKRGVTLGAIF	1
AKRRVVQREKRAVGMRALF	1
AKRKVVQREKRAIGIGAMF	1
AKRRVVQREKRAVLGELGAVF	1
AKRRVVGREKRAIGLGALF	1
AKRRVVQRERRAMGTLGAVF	1
ARRRTVQREKRAVTLGALF	1
AKRRVMQREKRALGFGALF	1
ARRRVVQREKR--GLGAVF	1
AKRRVAQKEKRG-ALTAVF	1
AKRRVVQREKRA-ALAAVF	1
AKRRVVQREKRAVIGMAAVF	1
ARRRVVTREKRAIGMGAVL	1
ARRRVVGREKRAVKLEAFF	1
ARRRVVAREKRAVGVLGATF	1
AKRRVVTREKRAVGLGAVF	1
AKRRVVAREKRAVGPGAVF	1
AKRRVVTREKRAVGMGAVF	1
ARRRVVGREKRAAGIGAVI	1
AKKRVVEREKRAVGLGAVI	1
AKRRVVQREKRAVVGLGAMF	1
AKRRVVEREKRA-AIGAML	1
ARRMVVEREKRAVGIGAVF	1
AKRRVVERQKRAVGLGAAF	1
SKRRVVEREKRAVGLGALI	1
AKRRVVQREKRAGGLGALF	1
AKRRVVQREKRAVGLGFMF	1
AKRRGGQREKRAGGTIGAMF	1
EKRRGVPREKRAVGTIGVMF	1
AKRRVVQREKRAGGTIGVFMF	1
AKRRGVQREKRAVGTIGAMF	1
EKRRVVQREKRAVGTLGAMF	1
GKRRVVQREKRAVGTLGAMF	1
AKRRVGQREKRAVGTLGAMF	1
AKRR-VEKEKKAGGNVGFFF	1
TKRRVVQREKRAVGFGALF	1
AKRRVVQRKKRAVGFGAVF	1
AKRRVGQREKRAGGLGAVF	1
AKRRVVQRKKRAVGLGAVF	1
ARRRVVQREKRAIPVGAVL	1
AKRRVVQREKRAIAVGAVL	1
AKRRVVQREKRAIPVGAML	1
GKRRTVQRERRAIGIGAVF	1
EKRRTVQRERRAIGIGAVF	1
AKRRTVQRERRAIGIGTVF	1
AKRRVVQREKRAVTLGTMF	1
AKRRVVQREKRALA-GAFF	1
AKRRVVQREKRAIA-GVLF	1
AKRRVVQREKRAAGIGAFS	1
EKKRVVQREKRAGGFGAVF	1
AKRRGVQREKRAVGIGAVF	1
AKRRVVAREKRAVGVGVMF	1
AKRKVVKREKRAVGLGAVL	1
AKRRVVQRGKRAVVGIGALF	1
AKRQVVTREKRAAGLGALF	1
AKRRVVQREKRAITIGAML	1
AKRRVVEREREKRAMGIGAVF	1
AKGRVVEKEKRAVGIGAVL	1
SRRIVVEREKRAVGMGAVI	1
AKRRVVAREKRAVGIGAMI	1
AKRRVVEREKRAVGIGTLI	1
AKRRVVERQKRAVGIGVMI	1
AKRRVVQRARRAVGIGALF	1
AKRIVVQREKRAVTMGAFF	1
AKRQVVKRKKRAAGITALF	1
AKRQVVQREKRAAGIAVML	1
ARRRVVEREKRAVAGGLGALF	1
AKRRVVGREKRAVGMGAVI	1
AKRRVVDREKRAV-LGAMF	1
AKRRVVEREKRAVGIIGATI	1
ARRQVVKREKRAVGMGALF	1
AKRRVVEREKRAV-VGALF	1
ARRRVVQREKRTVGLGAVF	1
ARRRTVGREKRAIGLGAVF	1
AQREVVGREKRALGIVGAMF	1
AKRRVVDRAKRAVGLGAVI	1
AKRTVVEREKRAVGIGAVF	1
AKRRVVEVGREKRAVGLGAVF	1
AERRVVKKEKRAVGIGALF	1
AKRRVAEREKRAVGIGAVF	1
AQRRVVEREKRAVGIGAML	1
SKRRVVEREKRAVGVGAVL	1
AKRRTVNREKRAAFGLGALF	1
VKRRVVEKEKRAVGIGAVF	1
AKRRTVKKEKRAVGIGAVL	1
AKRGVVEREKRAVGIGAVF	1
AKRRVVEREKRA-ALGAML	1
AKRAVVKREKRAVVGLGAMI	1
AKRRVVGREKRA-AIGAML	1
AKRRVVGREKRA-ALGALL	1
AKRRVVEREKRAVGIGVAL	1
SERRVVKREKRAVGIGAVL	1
ARRRVVERDKRAVGLGAFF	1
SKRRVVEREKRALGIGAVF	1
SKRRVVEREKRAVGLGAML	1
AKRRVVEREKRTVGMGAVF	1
AKRRVVEREKRAVGPGAVL	1
ARRRVVEREKRAVGFGALI	1
SKRRVVERGKRAAGMGAVL	1
AKRIVVEREKRAVGLGAVF	1
ARRKVVEREKRAIGLGAAF	1
AKRRVVEREKRAIRLGAMF	1
AKRRVVEREKRGV------	1
AKRRVVQREKRVGVIGAMF	1
AKRRVVQREKRAVRIGAVF	1
AKRRVVEREKRA-ALGAIF	1
AKRRVVQREKXAV-LGAMF	1
AKRRVVGREKRAVGREAVF	1
AKRTVVEREKRAVGIGAVL	1
AKRQVVKRXXRAVGIGAMF	1
AKRQVVKREKRAVXGXGALF	1
AKRXVVKREKRAVGIGALF	1
AXRRVVQREKRAVGLGAVF	1
AKRXVVEREKRAVGIGAVF	1
AKRRVVGREKRAVGIIGAVF	1
AQRRVVGREKRAVGLGAVL	1
AKRXVVGREKRAVGXGAXL	1
ARRRVVEREKRAIGLGAXF	1
AKRRVVXREXRA-ALGALF	1
AKRRVVQREKRAVVGLGALF	1
AXRRVVQREKRAXGXIGAMF	1
AKRRVVQREKRAVGTXGAMF	1
AKRRVVQREXRAAIGLGAVF	1
ARRPVVKREKRAVGLGALI	1
VARPLIGGPRREKRAVGLGMLF	1
IARPVIGTGTHNPHRGKRAIGLGMLF	1
AQRRVVQREKRAIGMGAVF	1
ARRRVVEREKR--GIGVAL	1
ARRRVVQREKRAVALGAMI	1
ARRRVVGREKRGVGIGAVL	1
AKRRVVEREKRALGFGAVF	1
ARRRVVAREKRTVGLGAVF	1
ARRRVVEREKRTVGLGAVF	1
AKRRVVEREKRAFGVGAVF	1
PKRRVVQREKRAVGIGAVF	1
AKRRVVQREKRAVVIGAVF	1
AKRRVMQREKRAVVIGAVF	1
AKGRVVQREKRAVAIGAVF	1
ANTKVVEREKRAVAIGTGF	1
AQRKVVQREKRAVGIGAVF	1
AKRRVVEREKRAAGV--VL	1
AKRXVVQREKRAVLGGLGAVF	1
AKRRVVEGEKRAVGMAAVF	1
IARPVIGVSPHREKRAIGLGMLF	1
AKRQVVKREKRAMGIGAMF	1
XRRRVVEREKRAVGLGAVF	1
ARRRVVQREKRAVGTMGALF	1
AKRRVVQRDKRAVGVFGAMF	1
ARRRVVQREKRAVTIGAVL	1
AKRRVVERPKRAVGMGAVF	1
AKRRVVQREKGAVGMLGAMF	1
AKRRVVQREKRAVEIGALF	1
AKKRVVQREKRAVGTLGAMF	1
AKRRGVQREKRAITIGAVF	1
AKRRVVQREKRAT-LGALF	1
AKRRVVQGEKRAVTLGAMF	1
AKRRVVQKEKRAVGMLGAMF	1
AKRKVVQREKRAVGIGAVF	1
AKRRVVQREKRE-AIGALF	1
AKRRVVQSEKRAVGIGALF	1
ARRRVVQREKRSVTLGAMF	1
AKRRVVQRKKRAIVGVGAAF	1
AKRRVVQREKRAV-IGAVF	1
ARRRVVGREKRA-ALGAVF	1
AKRQVVKREKRAVGVIGAMF	1
AKRRVVEREKRAIPLGAVF	1
ARRRVVEREKRAIGVGAMF	1
AKRRAVQREKR--GIGAVI	1
AKRRVVQREKRAVGMAAMF	1
AKRRVVQREKRAVMGLGAVF	1
AKRRVVQRERRAVGMAAVL	1
AKRQVVQREKRAIGIGAMF	1
AKRQVVKRERRAVGLGAMF	1
AKRQVVKREKRAVGIGAVL	1
AQRRVVQREKRAVGIGAMF	1
AKRRVVQRQKRAVGVLGAMF	1
AKRRVVKREKRA-AIGAVF	1
AKRRMVQREKRAVGTLGAMF	1
AKRRVVERGKRA--IGAVF	1
AQRRVVERGKRAVTLGAAF	1
AQRRVVERRKRAVTLGAVF	1
AKRRVVERGKRAVTIGAVF	1
AKRRVVDRDREKRAIGMGAVF	1
AKKRVVEREKRAVGIGAVF	1
ARRRVVEREKRAIVGLGAAF	1
AKRRIVEREKRA-AIGAVF	1
AKRRVLQREKRA-AFGALF	1
AKRRVVQREKRDVGLGALF	1
AKRRVVQREKRAVGLTAVF	1
AKRRVVQREKRTVGLGALS	1
AKRRVVQREKKAVGLGALF	1
AKRGVVQREKRTVGLGALF	1
AKRRVVQREKRAIGGLGTLF	1
AKRRVVQREKRAMGTIGAMF	1
AKRRVMQREKRAVGTIGAMF	1
AKRRVVQREKRAMGVIGAMF	1
TERSVVRREKRAIGLGAAF	1
AKRRVVQREKRAIGLRAVF	1
AKRRVXQREKRXVGIIGAML	1
AKRRVVQREKRAVGXIGAML	1
AKRXVXQREKRAVGIIGAML	1
AKRRVVQREKRAVVIGAMF	1
AKRRVVQREKRAVGIGAVX	1
AKRRVVQREKRAVXIGAXL	1
PKRRWGKGEKTSKLGLGAAF	1
AKRRVVEREKRAITLGAAF	1
AKRRVVEREKRAMDLGAVF	1
AKRRVVEREKRAMTVGAVF	1
AKRRVVQRERRAVTLGTML	1
AKRRVVRREKRAV-IGAVF	1
AKRRVVQREKRAIGVLGAMF	1
ARRRVVAREKRAIGLGAVF	1
AQRRVVQRGKRAVGLGAMF	1
AKRRVVQREKRAITIGAMV	1
ARRRVVEREKRAIELRAAF	1
AKRRVVEREKRAMTVGAAF	1
AKRRVVEREKRAIGLRAAF	1
AKRRVVQREKRAIGRGAAF	1
AKRRVVEREKRAM-TGAAF	1
AKRRVVQREKRAVGALGAMV	1
AKRRVVERERRAIGLGAVL	1
AKRRVVQREKRTVGIIGAML	1
AKRRVVQREKRAVGIGGAMF	1
AKRRVVGREKRAVVGIGAVL	1
AKRRVVERGKRAVGIGAVI	1
AKRRVVGREKRAVGIGAVI	1
AKRRVVGRGKRAVGIGAMI	1
AKRRVVEREERAVGIGAVI	1
AKRRVVVREKRAVGIGAVI	1
AKRRVAERRQKRAVGIGAVF	1
AKRRMVEKRQRRAVGIGAVF	1
AKRRVVQREKRAVGVGAMV	1
ARRRVVAREKRAVVAREKRAVGLGAMF	1
AKRQVVKREKRAVGLLGALF	1
AKRQVVQREKRAIGMGALF	1
SKRQVVKREKRAVGIGAVI	1
ARRRVVHREKRA-ALGAVI	1
AKRRVVQREKRALGIGAALF	1
AXRRVVQXEKRAVTFGALF	1
AKRIVVQREKRAIGLGAVF	1
AKRRVVXREKRAVGIGAVF	1
SRRRVVQREKRAIA-GAVF	1
AKRRVVQREKRGV-LGALF	1
AQRRVVQREKRAVGIGAVI	1
AKRQVVQREKRGVGMGALF	1
AKRHTVSREKRAAFGLGALF	1
AKRRVVQREKR-VAFGALF	1
AKRRVVQKEKRTVGIGALF	1
AKRRVVQRGKRAIGGLGALF	1
AKRKVVQREKRAVGMGALF	1
AKRRVVQREKRAMGVGAAL	1
AKRRVVQREKRAMGAGAVL	1
AKRRVVQREKRAVGAIGVMF	1
AKRQVVKREKRAAVIGALF	1
ARRRAVGREKRAVGIGAVF	1
PKRRVVEREKRAVGLGAVF	1
AKRRVVQRDKRAVGL-AMF	1
AKRRVVQREKRAIGAIAMF	1
AKRRVVQREKRST-LGALF	1
ARRRVVGREKRAVGFGAVF	1
ARRRVVEREKRAVGFGAVF	1
AKRRVVQRERRAVGTMGAMF	1
AKRHVVERQKRALGMGALF	1
ARREVVGREKRAIGLGTVI	1
AKRRVVGREREKRAVGIGALF	1
AQRRVVQREKRALGIGIGVMI	1
ARRRVVQREKRAVGIGTVL	1
ARRRVVGREKRAVGIGALF	1
AKRQVVKREKRAILGMGAVF	1
AKRQVVQREKRAVGLGAVF	1
AKRQVVKREKRAVGMGAVF	1
ARRRMVQREKRAAIGVGAVF	1
AQRRVVQREKRA-AIGAMI	1
AKRRVVQRDKRAVGIMGAMF	1
AKRRVVEREKRAVVGPGAVF	1
AKRQVVKREKRAMGLGALF	1
SRRRVVEREKRAVGIGAAF	1
ARRRVVGRGKRAVGLGAFL	1
AGRRVVEREKRAVVGLGAVF	1
ARRRVVQREKRAMGLGVMF	1
AKRRVVQRVKRAVGIGAVF	1
ARRRVVEREKRAVVGIGAMI	1
AKRRVVQREKRAT-IGALF	1
AKRRVVQREKRAVVGLGALV	1
AKRRVVQREKRAAGIGALL	1
AKRRVVQREKRAAALGTMI	1
AKRRVVQREKRALGVLGAVF	1
AKRRVVQREKRAMGMGALF	1
ARRRVVQREKRALVGLGAVF	1
AKRRVVQREVQREKRAIGMGAVLF	1
AKRRVVQRERRAVGAIGAMF	1
AKRRTVEREKRAIGLGAMF	1
ARRRVVERGKRAIGIGAVF	1
ARRRVVEREKRAIGLLGAMF	1
ARRRVVQREKREVGLGVMF	1
AKRRVVEREKRAVPIGAVF	1
AKRRVVEREKRAVIGLGAVF	1
ARRRVVWREKRAVGIGAVF	1
AQRRVVGREKRAIGIGAVF	1
ARRRVVTREKRAVGLGAVF	1
AKRRVVQREKRDLTLGALF	1
AKRRVVHRDKRA-ALGALF	1
AKRRVVAREKRAIGLASWF	1
AKRRVVERAKRAVGIGALF	1
AKRRVVQREKRELGTLGAMF	1
ARRRVVQRKKRAVGIGAVF	1
ARRRVVEREKRAVGIGVLL	1
ARRRVVEREKRAAGIGAIF	1
AKRRVVERVKRAVGLGAVF	1
AKRQVVKREKRAVGIGAFF	1
ARRRVVEREKRAVGMGAVI	1
AKRRVVEREKRAATIGAVL	1
SKRRVVEREKRAVGIGALF	1
ARRRTVEREKRAVGLGAVF	1
AKRQVVKREREKRAVGIGAVL	1
AKRRVVEREKRAVGIGAVT	1
ARRRVVGREREKRAVGIGALF	1
AKRRVVTREKRALGMGALF	1
ARRQVVKREKRAAGLGLLF	1
ARRRVVGREKRAV-IGAVV	1
AKRRVVERQKRAVGIGIMI	1
ARRRVVQRDKRAVGIGAMF	1
AKRRVVQREKRAGTLGAMF	1
AKRRVVQREKRAITFGAMF	1
ARRRVVQREKRAAGIGALL	1
SKRIVMQREKRAVGTIGAMF	1
ARRRVVQREKRAIGTIGALF	1
ARRRVVQREKRAAGFGALF	1
AKRRVVQREKRAITFGAMI	1
AKRXVVQXEKRAVTGLGAVF	1
AKRRVVQREKRAVGLGXMF	1
AKRRVVEKKKRAIWGIGAAL	1
AKRKVVKREKRA-AIGAVF	1
ARRRVVEREKRAIGMGAVF	1
AKRRVVERQKRAVGMGAVI	1
ARRRVVGREKRAVVGMGAFL	1
ARRRVVGREKRAAGLGAVL	1
IARPVIGTGNLRQKRAVGLGMLF	1
IARPVISLRSPREKRAAGLGMLF	1
ISRPVVGTNHQREKRAVGLGMLF	1
VARPVIGTGTHREKRAAGMAMLF	1
IARPVIGTNTHREKRAVGLGMLF	1
AKRRVVGREKRA-GIGALF	1
ARRRVVGREKRAT-LGAVF	1
AKRQVVQREKRAAGIGLLF	1
AKRRVVQREKRAPVLGALF	1
ARRRVVSREKRAVGIGAVF	1
ARRRMVQREKRGVTLGAMF	1
ARRRVVQRERRAVGIGALL	1
AKRRVVQREKRAIGFGAVF	1
AKRRVVPGEKRAVTLGAVF	1
AKRRVVPREKRAITLGAVF	1
AKRRVVPREKRAIGIGAMF	1
AKRRVVQRGKRAVGMGALF	1
AKRRVAQREKRAVGFGAMF	1
AERRVVQREKRAVGFGAMF	1
AKRKVVQREKRAVMLGAVF	1
AKRRVVQREERAVTLGAVF	1
AKRGVVQREKRAVTLGAVF	1
AQRRVVQREKRAVGLGVML	1
AERRVVQREKRAVGTLGAMF	1
AKRRVVQREKRAVGTLGAIF	1
AKRRVVQREKRTVGFGAMF	1
AKRRVVQKEKRAVGFGAMF	1
ARRRVVHREKRAVGLGAMF	1
AKRRVVHREKRAVGLGAMF	1
AKRRVVQREKRAVGFGAIF	1
ARRRV-WGEKRAVGLGAVL	1
AQRRVVQREKER-GLGALF	1
AHRRVVKRQKRALGMGAMF	1
AKRRVVGKEKRAVGMGAAF	1
AKRQVVTREK-AAGLGLLF	1
AKRPVVQREKRAIGIGAWF	1
ARRQVVKREKRAGGLGLLF	1
ARRQVVKRG--AAGLGLLF	1
ARRRVVQREKRAVRLRAMF	1
ARRRVVQREKRAVG-GACS	1
ARRRVVQREKRAVGLGACF	1
ARRRVVQREKRAVGLGACS	1
ARRRVVQREKRAVGWEHV-	1
ARRRVVQREKRAVG-WSMF	1
AKRRVVEKQKRAVGIGAAF	1
AKRRVVEKQKRAVGIGAMF	1
AKRRVVQREKRAVGPGAVF	1
AKRRAVQREKRAIGLGTMF	1
ARRRAVEREKRAIGLGAVF	1
ARRRAVQREKRAIGLGAFF	1
ARRRVVEREKRAFVGIGAVF	1
AKRRVVEREKRAALAGAFF	1
AKRRVVEREKRAVVGGLGVVF	1
ARRRVVEREKRAVTIGAMF	1
SKRRVVEREKRAVLGGIGAVF	1
AKRRVVERREKRAVGIGAVL	1
SKRRVVERAKRAVGLGAVF	1
AKRRVVEREKRAVMGLGAVF	1
ARRRVVEREKRAVGVGALF	1
AKRRVVGREKRAVGIGAVV	1
AKRRVVERQKRAAGLGAVF	1
AKRRVVEKEKRAVGMGAVI	1
ARRLVVQREKRAVGMATVL	1
AKRRVVQREKXAVGTLXALF	1
AKRQVVRREKRAVAGLGALF	1
AKRRVVQREKRALVGFGAMF	1
AQRRMVQREKRAVGIGALF	1
AQRRVVQREKRAVGI----	1
ARRRVVQREKRSVTIGAVF	1
AKRRVVQREKRAI---ALF	1
AKRRVVQRERRAVGVFGAMF	1
AKRRVVQREKRAFGLGAMF	1
AKRMVVEREKRAIGLGAMF	1
AKRRVVQRERRAAGLGALL	1
AKRRVVRRKTRAAGLGAVI	1
AKRRVVPRERRAAGLGAVI	1
ARRRVVQRKERAAGLGAVI	1
AKRRVVQREKRAAGTMGAMF	1
AKRQVVHRARRAVGIGAMF	1
AKRRVVEREKRAVGLGTLL	1
SRRRVVERGKRAVGIGAMI	1
ARRRMVNREKRVAGMGAVF	1
ARRRVVAREKRAIVGIGALF	1
AKRRVVEREKRAVGLLGAAF	1
ARRRVVQREKRAVGLGIAF	1
ARRRTVGREKRAVGMGAVF	1
ARRIVVTRGKRAVGLGAIL	1
AKRRVVHRERRA-ALGAMF	1
TKRRVVDREKRAVGIGAMI	1
AKRRVVEREKRAVEIGARI	1
AKRRVVQRERRALGTIGAVF	1
AKRRVVEREKRAXGIGAVL	1
AKRRVVQREKRAITGLGVMF	1
ARRGVVQREKRAVGTIGAMF	1
SRRRVVQREKRAVGTIGAMF	1
AKRRVVQREKKAVGIGAVF	1
AERRVVQREKRAVTIGAVF	1
AKRRVVQREKRAAS-GAMF	1
AKRRVVQKEKRA-ALGAMF	1
ARRRVMQREKRAVGIGAVF	1
ARRRVVQRGKRAVGIGAVF	1
ARRVVVQREKRAVGTIGAMF	1
ARRRVVQREKRAVTLGTLF	1
GKRRVVQKEKRAVVGIGAVL	1
GKRRAVQREKRAVVGIGAVL	1
GKRRVVQREKRAVGGIGAVL	1
ARRRVVQREKRAVGIGATF	1
AKRRVVQREKKAVGFGALF	1
TKRRVVQREKRAVGLGAMF	1
AKRRVVQREKRAVGLVAMF	1
AKRRVVQREKRAVGLEAMF	1
AKRRVAQREKRAVGIGALF	1
AKRRVVQKEKRAVGIGAMI	1
TKRRVVQREKRAVGTLGAMF	1
AKRRVVQRKKRAITLGAMF	1
AKRRVVQRKKRAIGIGAVF	1
AKRRVVQRERRA-ALGAVF	1
AKRRVVQREKRAAVGIGAMF	1
AKRRVVQREKRAVPIGAMF	1
AKRRVMEREKRAVGIGAMI	1
AKRRVVRREKRAVGMMGAMF	1
AKRRVAEREKRAVGIGAMI	1
AKRRVVERQKGAVGIGAMI	1
AKRRVVQREKGAVGLGAVF	1
ARRRVVQREKRAMGTLGAVF	1
SRRRVVQREKRAVTLGAMF	1
AQRRAVQREKRAVGLGALF	1
ARRRVVQRAKRA-ALGAVF	1
AKRRVVQREKRAIGMGALL	1
AKRQVVKKEKRAIGLGAMF	1
AQRRVVQKEKR--GLGLVL	1
AKRPVVQREKRAIGGLGAVF	1
AKRQVVSRHRRAVGFGAVF	1
AKRRVVKKEKRAVGLGAMF	1
AKRRVV-REKRAVGLGAVF	1
ARRRVVQREKRAVGVVGAMF	1
AKRRVVDRKKRAVGLGAMI	1
ARRRAVQREKRAIGFGAVF	1
AQRRVVAREKRAIGLGAMF	1
AKRRVVEREKRAAVGLGAFF	1
AKRRVVEXGKRA-ALGAVF	1
ARRRVVERGKRAVGIGAIF	1
ARRRVVGREKRGIGLGAVF	1
ARRKVVGREKRAVGLGAVF	1
ARRRVVGREKRAIGLGAVF	1
ARRRIVGREKRGVGLGAVL	1
AKRSVVQREKRAVTLGALF	1
AKRRVVERENKREKRAVGLGALF	1
ARRRVVEREKGAVGMGAVF	1
AKGRVVQREKRAVGLGAVF	1
AKRQVVQKQKRAVGLGAMF	1
AKRRVVQREKRAVGXJGAXX	1
AKRRVVXREKRAXGXGAXF	1
AKRRVVQREKRAVGIGTMF	1
AKRQVVKREKRAVGIMGAMF	1
AKRRVVQRERRAITMGAMF	1
AKRRVVQREKRAIGVGALL	1
AKRXVVEREKRAVGLGAVF	1
ARRGVVEREKRAVGIGAMI	1
AKRRVVERGKRAVGMGAAFF	1
AKRRVVDREKRAVGIATMI	1
AKRHTVSREKRAAFXLGALF	1
AKRRVVQREKRAVLGIGAMF	1
AKRRVVQREKRGAGIGAVL	1
AKRRVVQREKRGIGIGAVL	1
AKRRVVQREKRGAGIGALL	1
AKRRVVQREKRTVGIGAVL	1
AKRRVVQRKKRDMGIGALL	1
AKRRVVQREKRGVTIGAVL	1
AKRRVVQREKRGVIIGAML	1
AKRRVVQKEKRAVGIGAIF	1
ARRRVVERKKRAVGLGAVL	1
AKRRVVRREKRAVGIGTLF	1
AKSRVVQREKRAVGIGALF	1
AKRRVVQRERRAIGLGVMF	1
AKRQVVKREKRAAGIGALF	1
SKRRVVEREKRAVGXGAFF	1
ARRRVVTREKRAIGMGAVI	1
AKRRVVEREKRAIGMGAVI	1
AGRRVVQRERRAVVGLGAVF	1
ARRRVVQXEKRAVVGLGAVF	1
AKRRVVEREKRAQRLGAVF	1
AKRRVVEREKRAMGIGALF	1
AKRRGGGRKKEQPGMEVGF	1
AKGRVVEREKRAVGILAVF	1
AKRKGGKRKKRAVGMGAVF	1
ARRRVVEREKRAVGVGAMF	1
AKRRVVQREKR--GAGLVF	1
AKRRVVQREKRAVRAIGAMF	1
AKRQVVRREKRA-ALGALL	1
AKRQVVTREKRAVGMGAVF	1
AKRQVVKREKRAIGMGALF	1
AKRRVVQREKRAIGVIGALF	1
ARKRVVGREKRAVGIGAVF	1
ITRPVIGFGTRREKRAVGLGMLF	1
AQRRAVDREKRAVGIGAMI	1
AKRRVVEREKRALGGIGAAF	1
AQRRVVEREKRAVGIGAMI	1
AKRRVVQREKRAVGLGAVA	1
AKRRVVERQKRAVGLGALF	1
ARRQVVRREKR--GLGAVF	1
AKRRVAEREKRAVGIGAXF	1
AKRRVVQREKREIGIGAVF	1
AQRRVVKKEKRAVGLGAVL	1
AKRMVVEREKRAVGLGAVF	1
AKRRVVEKEKRAVGFGAMF	1
ARRRVVTREKRAVGLGAVI	1
AQRRXVKKEKRAVGLGAVF	1
SKRRVVEREKRAAGIGALL	1
ARRQVVKREKRAVGMGAVL	1
AKRRVVEKVGREKRAVGIGAVF	1
AKRRVVERPKRAVGIGAVL	1
AKRRVVEREKRA-ALGLMF	1
AKRRVVKNEREKRAVGIGAVF	1
ARRRVVEKEKRAVGIGAVI	1
ARRRVVQREKRAVTLGAMI	1
AKRRVVEREKRAVGVVGAMF	1
AKRRVVQREERAVGMGAVI	1
AKRRVVEREKRA-AMGAMF	1
AKRRVVKKEKRAVGLGAVF	1
AKRREVGRGKRAAGIGAMI	1
AKRRVVEREKRAAGLGALI	1
SKRQVVSREKRAVGIGAMF	1
AKRRVVGMGRERRA-ALGAMF	1
ARRRVVEREKRAVEIGAVF	1
AKRRVVEREKRAIAGIGAVL	1
AKRRVVERGKRAVGLGVAF	1
AKRRVVAREKRAIGLGAAF	1
AKRGVVEREKRAIGLGAMF	1
ARRRVVAREKRAVGIGAVL	1
ARRRVVGREKRAVVGVGAVF	1
AQRRVVGREKRAVGIGAVF	1
ARRRMVQREKRAIGFGAFF	1
AKRRVVQREKRA-AVGALF	1
AKRRVVQRERRAVGLGVFF	1
AQRRVVQREKRA-AIGAML	1
AQRRVVQREKRAIGLGAVF	1
SKRRVVEKEKRAVGLGAVL	1
AKRRVVERRGKRAVGIGAMF	1
AKRRVVGRDKRAAGIGAVL	1
SKRRVVEREKRA-AIGAMF	1
AKRRVVEREKGAVGIGAVL	1
AERRVVEREKRAGVGIGAVF	1
SKRRGVERQKRAVGIGAVI	1
SKRRVVKREKRAVGIGAVF	1
AKRRVVEREKRAV-LGAMF	1
AKRRVMEREKRA-ALGAVF	1
AKRRAVKREKRAVGIGAVF	1
AKRRVVKRKKRAVGIGAVL	1
AKRRVVEREKRAVGLGIMI	1
AKRRVVEREKRAVTIGAMI	1
ARRRVVQREKRAIGIGAMI	1
AKRRVVEIQKRAVGIGTLI	1
AKRRVVNREKRAVVGIGAMI	1
AKRRVVDREKRAVTIGAMI	1
ARRRVVQREKRAVGTLGVMF	1
ARRRVVQREKRAMGLGALF	1
ARRRVVQREKRAIGIGAVL	1
ARRRVVQRERRAVTXGALF	1
AKRQVVKREKRAV--GALF	1
ARRRVVQREKRAAVVGAMF	1
ARRRVVQREKRAITLGAVF	1
AKRKVVKREKRAVLGLGAVF	1
AKRRVVEREKRAVFGGIGAVF	1
AKRRVVERQKRAVVGLGAVF	1
AXRRVVEREKRAVPLGAMF	1
AKRRVVQREKRAIGGMGAMF	1
AKRRVVERPKRAVGIGTMI	1
AKRRVVEREKRAVGIGXMI	1
AKRRVVQREXRAVTVGAMF	1
AKRRXVQREKRAVGVIGAMF	1
AKRRVVQREKRAVGXLGAVF	1
ARRRVVQREKRAIGTLGAXF	1
AKRRVVXREKRAVGMGALF	1
AKRRVVQREKRSV-MGAXF	1
AKRRVVQRERRAXTXGAMF	1
AKRRVVQRERRAVTVGAMF	1
ARRRVVQREKRAIGTLGAMF	1
AXRIVVQREKRAVGXLGAMF	1
AKRRVVQREXRSV-MGAMF	1
AKRRVVQREKRAITXGAMF	1
AKRRVVQRERRAITMGALF	1
AMRRVVEKQKRAVGIGAMI	1
AKRRVVDREKRAVEIGAMI	1
ARRRAVEREKRAVGMGAVF	1
VRRRVVEREKRAVGMGAVF	1
ARRRVVERKKRAVGMGAVF	1
ARRRVVKREKRAVGMGAMF	1
ARRRVVEKEKRAVGMGAVF	1
ARRRMVEREKRAVGMGAVF	1
AKRRVVEREKRALVGLGAVF	1
AKRRVVEKEKRAVGVGAMF	1
SKRXVVEREKRAVGLGGALF	1
SKRRXVEREKRAVGLGGALF	1
AKRRVVERAKRA-AIGAVF	1
AKRRVVQRERRAMGAFGAMF	1
AKRQVVNREKRAVGIGAVF	1
SQRRVVEREKRAVGIGAVL	1
AKRQVVKREKRALGLGALF	1
AKRIVVQREKRAVGLGAMF	1
TKRRVVEREKRAVGIGALF	1
AKRRVVEKGKRAVGIGAVF	1
AKRRVVEREKRAVGIGAKF	1
ASRRVVQRGKRAVGLGAMF	1
AKRRAVEREKRAVGIGAMF	1
AKRRVVERKKRAAGIGAVF	1
AKRRVVESEKR--GIGAVF	1
AKRRVVEREKRAVGIGTLF	1
AKRRVVERERRAVEIGAVF	1
AKRRVVEREKRAVTIGALF	1
AKRRVVEREKXAVGLGAVF	1
AKRRVVGREKRAIGMGAMF	1
ARRKVVEREKRAVGLGAVF	1
AQRRVVQRGRRAVGIGAVL	1
AKRRVVAKEKRAVGIGAVF	1
AQRRVVERKKRALGIGAMF	1
AKRRVVEREKRAVLGLGAVF	1
AKRRVVQREKRAIGTMGAVF	1
AKRRVVQREKRAVGIVAMI	1
AKRK-----KRAVGTKGAMF	1
AQRRVVQREKRAVGTIGAMF	1
AKRRVVQRERRAVGIVGALF	1
AKRRVVQREKRAVGTLGVLF	1
ARRRVVQREKRAVGIIGPMF	1
ARRRVVQREKRAIGFGAFF	1
ARRRVMEREKRAIGFGAAF	1
ARRRVVEREKRAIGFGAAF	1
AKRRVVQRKKRAIGIGALL	1
ARRRVVEREKRA-AVGALI	1
AKRRVVEREKRA-AVGALI	1
AKRRVVERKKRAVMGIGAAF	1
AKRRVVEREKRAVMGIGAAF	1
AKRRVVDRRKRAVGLGAVF	1
AKRRVVEKEKRAAGIGAMI	1
AKKRVVQREKRAITIGALF	1
AKRRVVQREKRAITIGAPL	1
AKRRVVQREKRAITIGTLF	1
AKRRVVQREKRDLGLGALS	1
AKRRVVQREKKDFGLGALF	1
AKRRVVQREKRDFGLRALF	1
AKRRTVEREKRAVGIGAVL	1
AKRRVVQREKREVGTLGAMF	1
AQRRVVQREKRALGLGALF	1
AKRRVVQRERRAVGIGAIF	1
ARRRVVQREKRAVGTIGVMF	1
AKRRAVQREKRAVTFGAMF	1
AKRRVVQKEKRAVGMGALS	1
AKRRVVQREKRAVKIGALF	1
AKRRVVEREKRAVGLGAVS	1
AKRRVVQREKRAVVGVGAVF	1
AKRRAVQREKRAVGFGALF	1
ARRRVVQREKRAAVGMGALF	1
ARRRVVQREKRAIGGLGAVF	1
ARRRVVEREKRAIGMGAVL	1
ARRRVVQREKRAIGMGAFF	1
AKRSVVEREKRAVGIGAVL	1
AKRRVVEKEKRTVGMGAVL	1
AKRRVVEREKRAVGIGAVN	1
AKRRVVEREKRAVHIGAVF	1
AKRRVVERGKRAVVGMGALL	1
ARRRVVERVRRA-ALGAVF	1
AKRRVVEREKRAVGIGAWF	1
AKRRVVEREKRALGFGAVL	1
ARRRVVEREKRAVGFGAVI	1
GKEKSGGERKRAVGLGAVF	1
AKRRVVEREKRTVGIGVVF	1
AKRRVVEREKRAVAIGAVL	1
XKRQVVGRQKR--GXGAVF	1
ARRRVVGRERRAAVGLGALX	1
AXXXVVQREKRAVGMGAMF	1
AKRRVVERAKRAVGLAAVF	1
AKRRVVNREKRAVGMGALF	1
AKRRVVEREKRAPRMIGAMF	1
AKRQVVERERKKRAVGIGALF	1
AKRRVVEKERPKRAVGIGALF	1
ARRRVVARGREKRAVGIGALF	1
AKRRVVAREKRA-ALGAVF	1
ARRRVVAREKRAVGLGAVF	1
AKRRVVEREKRAAGMGALF	1
AKRRVVQRERRAVGLGALL	1
AKRRVVQREKRAIALGAMF	1
AKRRVVEKAKRAVGIGAVF	1
ARRRVVEREKRAIVGVGAVF	1
AKRRVVXREKRXVGVIGVMF	1
AKRRVVEREKRAVXIGAMI	1
AKRRAVQRGKRA-ALGAVF	1
AKRRTVQREKRA-ALGAVF	1
AKRRVMQREKRAVGLGAMF	1
TKRRAVQREKRA-ALGAVF	1
AKRRAVQREKRA-ALRAVF	1
AKRRVVQREKGAVGFGAFF	1
ARRRVVQREKRAVGFGAFF	1
AKRRVVRREKRAVGFGAFF	1
AKRRVVQRGKRAVGFGAFF	1
AKRRVVQREKRA-AIGVLF	1
AKRRVVQREERA-AIGALF	1
AKRRGVQREKRA-AIGALF	1
AKRRVVEREKR--GLGAVF	1
SRRRVVEREKRAAGIGAVL	1
AKRRVVKREKRGVGLGAVL	1
ARRKVVQREKRAVGIGAVL	1
AKRRVVEREKRA-AIGAVI	1
AKRRVVERQKRA-ALGAVF	1
AKRRVVEREKRAVGIMGAMF	1
AKRRVVERQKRAVGKGAMI	1
ARRRVVQREKRAMGIGAMI	1
AKRRVVEREKRAIGIGTMI	1
AKRRVVERGKRAIGIGTMI	1
AKRRVVQREKRAVGRGTML	1
AKRRVVQRDKRAVGIGAML	1
AKRRVVERAKRAVGIGGMI	1
AKRRVVQREKRG-ALEVFF	1
AKRRVVQREKRELTMGALF	1
AKRRVVQRERRAVGFGAFF	1
AKRRVVQREKRAV-FGAVF	1
AKRRVVSREKRAVGMAAIF	1
AKRRVVDGEKIPREKRAIGGLGAVF	1
ARRRVVQRGKRAVGIGAVL	1
AKKRVVGREKRAVGLGAVF	1
AKRRVVQREKRVAGLGAMF	1
AKRQVVRREKRA-ALGALF	1
AERRAVKREKRAVGIGAVF	1
AKRRVVEREKRAVGVGLGAVF	1
ARRRVVQREKRAITLGALF	1
AKGRVVQREKRAVGFGALF	1
AKRPVVKREKRAVGLGAVF	1
ARRRVVERQKRAVGIGAVF	1
AKRRVVERRKRAVGIGAVL	1
AKRRVVERAKRTVGLGAVF	1
AKRRVVEKKEEKRAVGLGAVI	1
ARRIVVKREKRAVGIGAVF	1
AKRIVVEREKRAV-IGAVL	1
AKRRVVEREKRAIGIGALF	1
ARRRVVQKEKRTV-IGAMI	1
AKRRVVQREERAVGTIGAMF	1
AKRRVVEREKRAAG-AAMF	1
AKRRVVEREKRAVG-AAVF	1
AKRRVVEREKRAVG-AVMF	1
AKRRLVERKKRAVGIGAVF	1
ARRRVVKKEKRAAGIGAVL	1
------------VGIGAVF	1
AKGRVVEREKRAVGIGAVL	1
AKRRVVQREKRAVTFGAVL	1
AKRRVVQRKKRAVTFGAVF	1
AKRRVVQREKRAVGMVEAMF	1
AKRREVDREKRAVGIGAMI	1
AKRRVVEREERAAGIGIGALF	1
AKRRVVQREQRAVGTIGAMF	1
AKRQVVQRVKRAVGIGAVF	1
AKRQVVQKVKRAVGIGAVF	1
ARRHVVQRAKRAVGIGAVF	1
ARRHVVQREKRAVGLGAMF	1
ARRHVVQRAKRAVGLGAVF	1
AKRRVVEREKRAVAGLGAVF	1
AKRRVVQREKRAITLGAML	1
AKRRVVQREKRAITLGVMF	1
AKRRVVERGKRAVGLGAVI	1
AQRRVVTREKRAVGLGAVF	1
AKRRVVERKKRAVGIGAMF	1
AKRRVVGRQKRAVGIMGAVF	1
AQRRVVARKKRAVGIGAVF	1
AKRRVVGKEKRAAGIGALL	1
ARRRVVPKEEVRKKRAVGLGAVF	1
ARRRVVSKEEVRKKRAVGLGAVF	1
AKRIVVGREKRAVGIGAMI	1
AKRRVVEREKRAVGGIGAVF	1
AKRRIVGREKRAVGLGAAF	1
AKRRVVERGKRA-ALGAVF	1
AKRRVVKREKRA-ALGAVF	1
AKRRVVERRKRA-GLAAVF	1
AKRRVVEREKRAVGMGVFI	1
AKRRAVDREKRAVGLGAFF	1
AKRIVVEREKRAVGLGVAF	1
ARRRVVGRERRAIGLGAAF	1
AKRRVVERQKRAIGLGATF	1
ARRRVVEREERAIGLGAAF	1
AKRRVVEKEKRAIGLGAAF	1
ARRRVVKREKRAIGLGAAF	1
AKRRVVERKKRAIGLGAAF	1
AKRKVVEREKRAIGVGAAAL	1
AKRRVVQRGKRAVGTIGAMF	1
AKRRVVQREKRAAGTLGAMF	1
AKRRVVQREKRAVETIGAVF	1
SKRRVVEREKRAVGIGVVL	1
ARRRVVGREKRAI-TGAVF	1
AKRRVAQREKRAVIIGAMF	1
AKRRVVQREKRAVALLGAMF	1
AKRRVVQREKRAVTLVAMF	1
ARRRVVQREKRXXXXGALF	1
AKRRVVQREKRA-GIGALL	1
AQRRVVQREKRAVGTLGAMF	1
AKRRVVQREKRAVGVGAFI	1
AKRRVVQREKR--GIXAVF	1
AQRRVVQREKRAVGILGAMF	1
AKRRTVQREKRAVGIGAML	1
AKRRVVRREKRA-AIGAVF	1
AKRRAVQREKRAIGGLGAFF	1
AKRRVVQREXRAIGIGALL	1
AQRRVVQREKRAVTLGALL	1
AXRRVVQREKRAT-LGAVF	1
AQRRVVQREKRAVGFGAVL	1
ARRRVVQREKRTIA-GAVF	1
ARRRVVQREKRAVGLGTVL	1
AKRRVVQRERRTVGIGAXL	1
AKRRVVQREREKRAVGLGALF	1
AKRRVVQREKRAVTLGAXF	1
AKRRVVQREKRA-AIGAXF	1
AKRRVVQREKRAVTIGAXF	1
ARRRVVQREKRAVGIGVMF	1
AKRRVVQREKRALTFGAXF	1
AKRRAVQREKRAIGIGAMF	1
AXRRVVQREKRAVGXXGAXF	1
AKRRVVQREKRAIVGVGAXF	1
AKRRVVQREKREVXLGALF	1
AKRRVVQREKRAVGVIGXMF	1
AXRRVVQREKRAVGLGALF	1
SRRLVVQREKRAVGTIGAMF	1
AMRRVVQREKRAVTLGAMF	1
AKRRVVQREKRAVGXGAXF	1
ARRRVVQREKRAAIGIGALF	1
AKRRVVQREKRAVGIGIGAVF	1
SKRRVVQRERRAVGIGAVF	1
AXRRVVQRXKRAVGLGAVF	1
AKRRVVQREKRAV-MGAVF	1
AKRRVVPREKRAVGIVVGMF	1
AKRRVVQREKRAVGTIGXMF	1
AKRRAVQRERRAVGIGAMF	1
ARRRVVQREKRAVTLGAXF	1
AKRRVVQREKRXXGLGALF	1
AKXRVVQREKRAXGLGAMF	1
AKRRVVEREKRAVGIEAVL	1
AKRRVVQKEKRALGGLGALF	1
AKRRVVQREKRAVGVIXAMF	1
AKRPVVKREKRALGMGALF	1
ARRRVVTREKRAVGLGAMI	1
AKRRVVKRQKRAVVGIGAMI	1
AQRRVVQREKRAVGIGAMI	1
AKRRVVERQKRAVGIGILL	1
AKRRVVEREKRAIGLGAVL	1
AKRRVVEREKGAVGIGAVF	1
AKRRVVEREKRAVVAGIGAVF	1
AKRRVVEREKRAIGIVGAVF	1
AKRRVVEREKRAIGLGTVF	1
AKRRVVEREKRAIGLGAXF	1
AKRRVVEGEREKRAVGIGAVF	1
ARRRVVGRKKRAVGLGVVF	1
ARRRVVGREKRAVGLGVVL	1
ARRRVVGREKRAVGLGAVP	1
ARRRVVEREKRAVTMGAVL	1
ARRRVVEKEKRAIGLGAMF	1
ARRRVVQREKRAVGIGAVS	1
AKRRVVRRERRA-ALGALF	1
AKRQVVQREKRAVGVGALL	1
AKRRVVARKKRAVGLGAVF	1
ARRRVVGREKRAVGLGAMF	1
AKRRVVQREKRAVGIGAVLF	1
AKRRVVEKEKRAVVGIGAVL	1
AKRRVVEREKRAVMGIGAVL	1
AKRRVVEREKRAVGIGAGF	1
AKRRMVEREKRVVGIGAVF	1
AKRTAVRRGKRAVGIGAVL	1
AKGRVVEREKRAVGIGAVF	1
AKRRVVDREVVKRGKRAVGIGTVF	1
AKRRVVEKEKRAVEIGAVI	1
AKRRVVEREKRAVGIGTVL	1
SKGRVVEREKRAVGIGAVF	1
AKRLVVKREKRAVTLGALF	1
QKRRAVEREKRAVVGIGAMI	1
AKRRVVERERRAIAGLGAVI	1
ARRRVVKREKRAVGIGALF	1
AKRRVVEREKRAIGMGALL	1
TKRIVVKREKRAIGIGAVL	1
AHRMVVKREKRAV-LGAVL	1
AKRRVVEREKRAV-IGAVV	1
AKRRVVQKEKRAVGTWRLC	1
AKRRVVQKEKRTVGLGAMF	1
AKRRVVQRAKRAVGIGALF	1
AKRRVVEREKRAALGIGAVF	1
AKRRVVEREKRAVVGLGAMF	1
AKRIVVKREKRAVGIGAVF	1
AKRMVVKREKRAVGLGAVL	1
IARPVIGTHTHRKKRAVGLGMLF	1
VARPVIGTNTHREKRAVGLGMLF	1
ARRRTVQRERRA-AIGAML	1
SKRAVVRREKRAVGLGAVF	1
SKRAVMEREKRAVGLGAVF	1
ARRRVVEREKRAVGIGAMS	1
ARRRTVQREKRA-ALGAMI	1
ARRRVVERGKREVTLGALF	1
AKRRVMQREKRAVGFGAMF	1
AKRRVVQREKRA-ALGAMI	1
AKRRVVEREKRAIGLGVVF	1
ARRRVVEREKRAIGIMGAML	1
ARRRVVEREKRAIGIMGAMF	1
ARRRVMEREKRAIGLGAVF	1
AKRRVVQREKRAVGMGAML	1
AKRRVVQRGKRAVGTLGAVF	1
AKRRVVQREKRAVPLGAMF	1
ARRRVVHREKRAVGTIGAMF	1
AKRRVVQRERRGAGLGALF	1
AKRRVVQREKRAITLGAVL	1
AKRRVVQREKRVVGIGAMF	1
SKRRVVEREKRAAGIGAMF	1
SKRRVVEGEKRAVVGIGAVF	1
SKRRMVEREKRAVGIGAVF	1
ARRRVVEREKRAAGIGAVL	1
GRRRVVQREKRAVGIGAIF	1
AKRRTVERGKRAVGIGAVF	1
AKRRVVEKEREKRAVGMGAVL	1
AKRRVVGRREKRAVGIGAVF	1
AKRRVVERRERRAVGMGAVL	1
AKRRVAEREKRAVGMGAVL	1
AKRRVVERRKRAVGIGAVF	1
VKRRVVEREKRAVGIGAMF	1
AKRRVVERREKGAVGIGAVF	1
AKRRVVEREKGAVGIGAVI	1
ARRRVVGKERERRAVGMGAFL	1
AKRRVVXREKRAVGLGAVF	1
TKRRVVEREKRAVGMGAVF	1
AKRRVAEREKRAVGMGAVF	1
AKRRVVEKRQKRAVGIGAVL	1
AKRRVVERRQKGAVGIGAVL	1
AKRRVMEREKRAVGMGAVI	1
AKRRVVEREKRAVGMGAML	1
ARRRVVRKEKRAATLGAMF	1
AKRRVVQKEKRAVTLGAVF	1
AKRRAVQREKRAAGLGALF	1
AKRRVVQREKRTAGLGALF	1
AKRRVVRREKRAIPLGAMF	1
AKRRVVERGKRAVTMGAMI	1
AKRRVVEREKRAVTMGAVI	1
AKRQVVQRDKRAVGFGALF	1
AKRQVVQRAKRAVGFGALF	1
ARRRVVSREKRAVGIGAMI	1
AKRRVVEREKRAVLGVGAVL	1
AKRRVVEREKRAVVGVGAVL	1
AKRRVVERERRAVVGIGAMI	1
AKRRAVDREKRAVGIGAVI	1
AKRRVMEREKRAVGLGTMI	1
AKRRVVERERQKRAVGIGAVI	1
AKRRXVEREREKRAVGIGAVI	1
AKRRVVKREKRAVGIGALI	1
AKRRVVERQREKRAVGIGAMI	1
AKRRVVERERQKRAVGIGAMI	1
AKRRVVEREREKRAVGIGAII	1
AKRRVVEREKRAMGIGAMI	1
AKRRVVERGKRAIGLGTMI	1
ARRRVVQREKRAVVGLGAVI	1
AKRRVVQREKRAVAIGTMI	1
AKRRVVEREKRAVIGMGAVF	1
AKRRVVEGEKRAVVGIGAVF	1
AKRRVVERGKRAVVGIGAVF	1
AKRRVVERXKRAIGLGAVF	1
AKRIVVGREKRAVGIGAVF	1
AKRRVVEREKRAVGIGAVV	1
AKRRVVERKKRAIGIGAVF	1
AKRRVVEXEKRAVGIGAVL	1
AKRRVAQREKRAIGIGAMF	1
AKRRAVQREKRAITPGAMF	1
AKRRVVQRNKRAVGTLGAMF	1
AKRRVVQRETRAVGFGALF	1
ARRRVVGRERRAVGNRSCF	1
ARRRVVGKRKEEQLEIGAVF	1
ARRRVVERQKRAIGLGALF	1
AKRRVVERGKRAVGIGAMF	1
AKRRVVEREKRAIGLGAIV	1
AKRRMVEREKRAIGLGAMF	1
ARRRVVQREKRAIGRELSS	1
AKRRVVERERRAVGIGAVL	1
ARRRVVEREKQPAVGVGALL	1
ARRRVVEREKRAVGVG--L	1
AKRRVVEREKRGIG-AMLF	1
AKRRVVERKKRAV-LGAVF	1
ARRRVVERGKRAV-MGAEF	1
ARRRVVERGKRAV-LGAVF	1
SKRRVVQREKRAVGTLGAMF	1
ARRRVVQREKRAIGMLGAIF	1
AKKRVVQREKKR--IGALF	1
AKRRVVQKEKR--GLGLLF	1
ARRRVVQREKRAVGTIGALF	1
ARRRVVQREKRALGTLGALF	1
ARRRVVQGEKRAVTIGAMF	1
ARRRMVQREKKAVGTIGAMF	1
ARRRVVQREKRAITFGALF	1
ARRRVVQREKRPVTMGVLF	1
AKRRVVDRQKRAVGLGAMI	1
SKRRVVQREKRAVGLGALF	1
AKRQVVQREKRAVTLGALF	1
AKRQVVKREKRALGMGALF	1
AKRQVVKREKRAVGVGALF	1
AKRQVVQREKRAIVGMVALF	1
ARRRVVKREKR--GIGAAF	1
AKRRVVEKPVVQREKRAVGIGAMI	1
AKRRVVQRERERRAVGIGAMI	1
AKRRVVEREKRAVGIEAMI	1
AKRRVVEREKRAVGIGAII	1
AKRRVVEREKRAVGIGAMX	1
AKRRVVEXEKRAVGIGALI	1
AKRRVVERXKRAVGIGALI	1
AKRRVVERGKRAVGIGALI	1
AKRRVVEREKRAVSIGXLI	1
AKRRVVQREKRAMGIGAMI	1
ARRRVVQREKRAVGIGAVI	1
ARRRVVERDKRAVGIGAMI	1
AKRRVVQKEKRAVGIGAVI	1
AKRRVVQREKRAIGTLGAXF	1
AXRRVVEREKRAIGLGAXF	1
AKRRVVEREKRAITLGAAL	1
ARRRVVGREKRAXGLGAVL	1
AKRRVVEREKRAXGLGAVF	1
AKRIVVQREKRAVGTFGALF	1
ARRRVVGREKRAVXXMGAFL	1
ARRRVVGREKRAVGLGXVL	1
AKRRVVQREKRAVGXGAMF	1
ARRRVVXREKRAIGLGAAF	1
ARRRVVXREKRAVGLGAAL	1
ARRRVVXREKRAITGLGXAF	1
AKRRVVEREKRSX-LGXAX	1
AKRRVVQREKRAIPGFGALF	1
AKRRVVQRERRAIGTMGALF	1
ARRRVVERSKRAIGLGAAF	1
AXRRVVZREKRAXGLGAXF	1
AKRRVVERVKRAVGIGAVF	1
AKRRVVZREKRAXGLGAFF	1
ARRRVVGREKRAVGMGAFL	1
ARRRVVGREKRAVGLGXAF	1
AKRRVVERXKRAVGLGAVF	1
AXRRVVEREKRAXGLGAXF	1
ARRRVVQREKRAIGALGAMF	1
AKRRVVQREKRAVTFGAXF	1
AXRRVVQREKRAMGLGAAL	1
ARRRVVGREKRVAGMGAFL	1
ARRRVVGREKRAVGLAAVF	1
AKRRVVQREKRAV-LGVFF	1
AQRRVVQRDKRAIGTLGAMF	1
AKRRVVQREKRAAGMLGAMF	1
ARRRVMQREKRAVTFGALF	1
AKRRVVQREKRAVVGMRAVF	1
ARRRVVQREKRAVVGMGAMF	1
ARRRVVQREKRAVGIGAMV	1
AQRRVVQRQKRAVGLGALF	1
ARRRVVERQKRAVGIGTLI	1
AKRRVVERPKRAVGLGAML	1
AKRRVVKKREKRAVGIGAMI	1
ARRLVVIREKRAVGIGAMI	1
AKRRVVQREKRAAGIGAML	1
SRRLVVQREKRAVGMGAMF	1
AKRRVVEREKRAIGIGAMI	1
AKRPVVQREKRAVGLGAMF	1
AKRQVVTRQKRA-AIGALF	1
ARRPVVKREKRAVGIIGALF	1
ARRRVVERQKRAVGIGAVI	1
ARRRVVEREKRAVGIGVLI	1
ARRRVERVVQREKRPVGTMGALF	1
ARRRVVQKEKRAVGMIGAVF	1
ARRRVVQRKKRAVGMAAVF	1
VKRRVVQREKRAIGIGALF	1
AKRRVMQREKRAVGIGALF	1
AKRRMVQREKRAIGIGAVF	1
AKRRVVQREKRAVGIGA--	1
AKRRVVQREKRAVIGLGAAF	1
ARRRVVGREKRAAFGLGAVF	1
AKRQVVQREKRAVGMGAVL	1
AKRRVVQSEKRAVTLGAMF	1
AKRRVVQREKRAVTLGARF	1
AQRRVVQREKRTVGIGAVF	1
AKRRVVEREKRGVGIGVVF	1
AKRRVVEREKRAVGM--VL	1
AKRNVVEREKRAVGLGAVF	1
AKRNVVKREKRAVGLGAVF	1
ARRRVVGREKRAVGLGAVVF	1
ARRRAVGREKRAVGLGAVF	1
ARRIVVGKEKRAVGLGAVF	1
ARRRVVKREKRAVGLGAFF	1
ARRRVVERGKRAVGLGAFF	1
ARGRVVQREKRAVGMGAVF	1
ATRRVVKREKRA-AIGAVF	1
AKRRVVEREKRAV-LGAAI	1
AKRRVEQREKRVGALGAMF	1
AKRRVVQRKKRA-GLGALF	1
AKRRVVHREKRA-GIGALF	1
AKRRAVQRDKRAVGLGAMF	1
AKRRVVQRKKRAVGTLGAMF	1
AKRRGVQREKRAVGMLGAMF	1
AKRRVVQREKRVGMLGAMF	1
AKRRVVQREKR---IGAMF	1
AKRRVVQREKR---LGAMF	1
AQRRVVQREKRAVGAVGAMF	1
AKRRVVQREKRAVGTLGTMF	1
AKRRVVQREKRVGAIGAMF	1
AKGRVVQREKRAVGTIGAMF	1
AKRRVVMREKRAVGLGAAF	1
ARRRVVEREKRAVGGLGALF	1
ARRXVVEREKRAVGLGAFF	1
ARRRVVEREKRAVGLGALL	1
ARRRVVSREKRAVVGMGAVF	1
ARRRVVEREKRAVVGLGAXF	1
AKRRVVEREKRGFGMGAVF	1
ARRRVVERGKRAVGMGAVF	1
ARRRVVEREKRAVIGLAAVF	1
SKRMVVEREKRAVGAVGAMF	1
AKXRVVERGKRAVGMGAFF	1
AKRKVVEREKRAAGIGAVF	1
ARRRVVEKEKRAVGIGAMI	1
AKRRVVTREKRAVGIGAMI	1
AKRRVVEREKRAVGMIGAVF	1
ARRRVVQREKRELTMGALF	1
AKRRTVQREKRAVGLGAVF	1
ARRRVVQRERRAVVGIGAVF	1
AKRRVVQREKR--GLGLVF	1
AKRRVVQRGKRAVGIGAMF	1
ARRRVVQREKRAVTLGAMS	1
AKRRMVQREKRA-PIGALF	1
ARRRAVQREKRAVGAFGALF	1
AKRRVVQREKRAVGLFGALF	1
AKRRVVQREKRAVGVFGALF	1
AKRRVVQREKRTVGFGALF	1
AKRRGVQREKRAVGFGALF	1
AKRRVVQRAKRAVGALGAMF	1
ARRRVVQREKRAIVGMGAVF	1
ARRRVVQREKRAIMGMGAMF	1
AKRRVVQREKRAIVGIGAVL	1
AKRRVVQREKRAIVGMGAFF	1
TKRRVVQREKREVTLGALF	1
AKRRVVQREKRAVGLIGAVL	1
AKRRVVQREKRAALGGLGVMF	1
AKRRVVQREKRALGMGAVF	1
ARRMVVTREKRVVGIGAVL	1
ARRVVVTREKRAVGIGAVL	1
ARRMVVAREKRAVGIGAVL	1
ARRMVVTREIRAVGIGAVL	1
ARRMVVTRERRAVGIGAVL	1
AKRRVVHREKRAVLGLGALF	1
AKRRVVQREKRAIGLGAVV	1
AKRQVVQREKRA-AMTALF	1
AKRRAVQREKR--GIGAVF	1
ARRRVVQRKKRAVGIGALF	1
ARRRVVRREKRAVGIGALF	1
ARRRVVQREKRAGGMGALF	1
PKRPVVRRERRAVAIGAVF	1
AKRRVAQREKRAVGLGAMF	1
ARRRVVGREKRAVGLGAAI	1
ARRRVVQREKRAIMGLGAAF	1
AQRRVVEREKRGAALGAMF	1
AKRRVVEREKRAVGTGAVL	1
AKRRVVQREKRAVVGMGALF	1
ARRRVVQREKRAVGMGAFF	1
AXRRVVEREKRAVGJGAVF	1
SKRRVVEREKRAVTLGAMF	1
AKRRVVERGKRAXGXGAVF	1
ARRRVVEREKRAVVGMGAFL	1
AKRRVVQREKRAVGLGAAIF	1
AKRRVVEREKRAVGLGVFF	1
SKRRVVQREKRAVGLGAVF	1
AKRRVVGREKRAVGMGALF	1
ARRRVVQREKRAVGLGVVL	1
AKRRVVQREKRAVGLLGAVF	1
AKRIVVQKEKRAVGVIGAMF	1
AKRQVVKREKRAIGIGAVL	1
AKRQVVKREKRAVVGLGALF	1
ARRQVVRRERRAVGMLGAMF	1
AKRQVVQREKRDLGMGALF	1
AKRRVVEREKRAVGVIGAVL	1
AKRRVVQREKRAVGMIGAMI	1
ARRRVVEREKRAVGVGAIF	1
ARRRVVGRDKRAVGLGAFF	1
AKRRVVERQKRAVGLGXMI	1
AKRGVVEREKRAVGIGAMI	1
AKRRVVEREKRAVGLGAIF	1
AKRKVVEREKRAVTLGAMF	1
AKRKVVEREKRAIGIGAVF	1
AKRXVVEREKRAVGLGXFF	1
AKRRVVQREKRAVGLIGALF	1
ARRRVVQREKRGVGIGAVF	1
ARRRVVQREKRAVGXIGAMF	1
ARRRVVGREKRAIGIGAVV	1
AKRRVVEREKRAALGGLGAVF	1
ARRRVVEREKIRQKRAVGMGALF	1
AQRRVVKREKRAVGLAAVF	1
AKRRVVEREKRALVGLGAFF	1
AQRRVVEREKRAVGLGALF	1
AKRRVVQRERERRAVGMGAMF	1
AKRQVVQRGKRAVGIGAVL	1
AKRRVVEREKRAVGIGXVF	1
AKRRVVEREKRAVGMAAII	1
AKRRVVRREKRAAGLGALF	1
AKRRVVQREKRAVGIGAKF	1
AKRRVVQREKRVAVGLGAVF	1
AKRPVVKREKRAVGMGALF	1
AKRQVVTRERRAVTIGAMF	1
AKRRVVQREKRAVGTJGAMF	1
AKWRVVEREKRAVGLGAVF	1
AKRRVVEREKSTVGLGAVF	1
AKRRVVAREKRAVVGMGAVF	1
AKRRVVEREKRAFGLGALF	1
ARRRVVGRKKRAAVGLGAVL	1
AKRRVVEREKRAVGIGVML	1
ARRRVVEREKRA-AVGLFF	1
ARRRVVQREKRAVGMATLF	1
AKRRVVEREKRAAVGLGALL	1
ARRRVVGKEKRAVVGLGAVF	1
ARRRVVGREKRAVGIGAFF	1
ARRRVVGREKRAIGGLGAAL	1
AKRRVVQREKRAVTLGVLF	1
VKRRVVQREKRAVTLGAMF	1
AKRRVVQREKRAIPLGALF	1
ARRRVVTREKRAVGMGALF	1
